Voltage Range: ,0.4,None,None,None,None,None,None,None,None,None,None,None,None,None,None,None,None,None,None,None,None,None,None,None,None
Voltage Step Size: ,0.02,None,None,None,None,None,None,None,None,None,None,None,None,None,None,None,None,None,None,None,None,None,None,None,None
Voltage Read Count: ,5,None,None,None,None,None,None,None,None,None,None,None,None,None,None,None,None,None,None,None,None,None,None,None,None
Voltage Delay Time: ,100,None,None,None,None,None,None,None,None,None,None,None,None,None,None,None,None,None,None,None,None,None,None,None,None
Voltage Measurement Time: ,10080,None,None,None,None,None,None,None,None,None,None,None,None,None,None,None,None,None,None,None,None,None,None,None,None
Time,Pixel 0 V,Pixel 0 mA,Pixel 1 V,Pixel 1 mA,Pixel 2 V,Pixel 2 mA,Pixel 3 V,Pixel 3 mA,Pixel 4 V,Pixel 4 mA,Pixel 5 V,Pixel 5 mA,Pixel 6 V,Pixel 6 mA,Pixel 7 V,Pixel 7 mA,Pixel 0 PCE,Pixel 1 PCE,Pixel 2 PCE,Pixel 3 PCE,Pixel 4 PCE,Pixel 5 PCE,Pixel 6 PCE,Pixel 7 PCE,Filler Val
2.9220, 0.49, 1.75, 0.58, 1.73, 0.50, 0.03, 0.49, 1.57, 0.49, 2.22, 0.48, 0.01, 0.48, 2.09, 0.51, 1.84, 6.8483, 7.9407, 0.1406, 6.0382, 7.2362, 0.0208, 6.5387, 6.1479, 1
5.8560, 0.50, 2.04, 0.50, 2.07, 0.51, 0.04, 0.48, 1.89, 0.49, 2.34, 0.46, 0.00, 0.48, 2.18, 0.49, 1.92, 6.8811, 6.8938, 0.1344, 6.1418, 7.4103, 0.0035, 6.7589, 6.0840, 1
8.7880, 0.50, 2.07, 0.50, 2.08, 0.53, 0.01, 0.48, 1.97, 0.48, 2.36, 0.48, 0.03, 0.48, 2.23, 0.50, 1.95, 6.8320, 6.8340, 0.0224, 6.2210, 7.4393, 0.1042, 6.8988, 6.3807, 1
11.7210, 0.52, 2.03, 0.52, 2.03, 0.55, 0.05, 0.48, 1.98, 0.48, 2.38, 0.50, 0.02, 0.48, 2.19, 0.52, 1.89, 6.9228, 6.9153, 0.1850, 6.2254, 7.4968, 0.0721, 6.7674, 6.4552, 1
14.6550, 0.55, 2.04, 0.55, 1.99, 0.58, 0.01, 0.48, 1.96, 0.48, 2.36, 0.48, 0.04, 0.47, 2.23, 0.55, 1.87, 7.2532, 7.0713, 0.0308, 6.1736, 7.4538, 0.1157, 6.9002, 6.6443, 1
17.5880, 0.55, 1.99, 0.57, 1.93, 0.60, 0.05, 0.48, 1.98, 0.48, 2.36, 0.46, 0.01, 0.47, 2.19, 0.57, 1.81, 7.1286, 7.1603, 0.2025, 6.2164, 7.4466, 0.0193, 6.7677, 6.7305, 1
20.5210, 0.57, 1.93, 0.59, 1.91, 0.62, 0.09, 0.48, 1.95, 0.48, 2.36, 0.43, 0.00, 0.47, 2.20, 0.60, 1.80, 7.1861, 7.3675, 0.3749, 6.1283, 7.4455, 0.0032, 6.7972, 6.9794, 1
23.4540, 0.59, 1.89, 0.62, 1.87, 0.61, 0.03, 0.48, 1.96, 0.48, 2.39, 0.45, 0.00, 0.47, 2.22, 0.62, 1.73, 7.3062, 7.5229, 0.1286, 6.1661, 7.5405, 0.0005, 6.8536, 6.9845, 1
26.3880, 0.62, 1.85, 0.64, 1.84, 0.63, 0.04, 0.48, 1.89, 0.48, 2.37, 0.47, 0.03, 0.48, 2.22, 0.64, 1.72, 7.4450, 7.7134, 0.1579, 5.9455, 7.4610, 0.1043, 6.8719, 7.2093, 1
29.3220, 0.64, 1.81, 0.66, 1.81, 0.65, 0.02, 0.48, 1.87, 0.48, 2.33, 0.50, 0.02, 0.48, 2.20, 0.65, 1.74, 7.5672, 7.8224, 0.0971, 5.8811, 7.3426, 0.0721, 6.8146, 7.3239, 1
32.2540, 0.65, 1.83, 0.65, 1.87, 0.67, 0.09, 0.48, 1.84, 0.48, 2.34, 0.52, 0.04, 0.47, 2.25, 0.67, 1.69, 7.7281, 7.9112, 0.3834, 5.8106, 7.3755, 0.1266, 6.9596, 7.3441, 1
35.1880, 0.63, 1.94, 0.63, 1.98, 0.66, 0.03, 0.48, 1.86, 0.48, 2.29, 0.55, 0.01, 0.47, 2.23, 0.65, 1.78, 7.9214, 8.0700, 0.1347, 5.8332, 7.2232, 0.0211, 6.8807, 7.5504, 1
38.1220, 0.62, 1.99, 0.62, 1.95, 0.67, 0.04, 0.48, 1.84, 0.48, 2.30, 0.57, 0.00, 0.47, 2.24, 0.65, 1.81, 8.0890, 7.9024, 0.1693, 5.8099, 7.2411, 0.0035, 6.9190, 7.6630, 1
41.0550, 0.62, 1.96, 0.60, 2.02, 0.66, 0.07, 0.48, 1.86, 0.50, 2.17, 0.59, 0.00, 0.47, 2.26, 0.65, 1.84, 7.9815, 7.9554, 0.3115, 5.8347, 7.1115, 0.0006, 6.9770, 7.7441, 1
43.9880, 0.62, 1.89, 0.60, 2.02, 0.63, 0.08, 0.48, 1.86, 0.53, 2.16, 0.62, 0.02, 0.47, 2.21, 0.65, 1.81, 7.6929, 7.8992, 0.3248, 5.8471, 7.4265, 0.0678, 6.8320, 7.6237, 1
46.9210, 0.64, 1.83, 0.60, 2.04, 0.65, 0.06, 0.48, 1.86, 0.53, 2.16, 0.60, 0.02, 0.47, 2.18, 0.65, 1.78, 7.6787, 7.9362, 0.2666, 5.8570, 7.4790, 0.0759, 6.7564, 7.5267, 1
49.8550, 0.67, 1.74, 0.60, 1.97, 0.67, 0.08, 0.48, 1.86, 0.53, 2.23, 0.62, 0.00, 0.47, 2.15, 0.65, 1.75, 7.5344, 7.6930, 0.3382, 5.8597, 7.7188, 0.0126, 6.6407, 7.3699, 1
52.7890, 0.69, 1.74, 0.62, 1.91, 0.70, 0.05, 0.48, 1.88, 0.53, 2.25, 0.64, 0.02, 0.47, 2.12, 0.67, 1.72, 7.7937, 7.7125, 0.2084, 5.9023, 7.8166, 0.0724, 6.5699, 7.4976, 1
55.7220, 0.67, 1.86, 0.64, 1.87, 0.72, 0.06, 0.48, 1.83, 0.53, 2.23, 0.66, 0.02, 0.47, 2.20, 0.67, 1.75, 8.1361, 7.8143, 0.2702, 5.7616, 7.7172, 0.0845, 6.8158, 7.6646, 1
58.6550, 0.67, 1.86, 0.66, 1.89, 0.70, 0.04, 0.48, 1.82, 0.53, 2.19, 0.69, 0.02, 0.47, 2.23, 0.67, 1.79, 8.1354, 8.1932, 0.1971, 5.7454, 7.5851, 0.0891, 6.9083, 7.8382, 1
61.5890, 0.67, 1.84, 0.67, 1.88, 0.72, 0.04, 0.48, 1.85, 0.53, 2.20, 0.71, 0.00, 0.47, 2.21, 0.67, 1.77, 8.0290, 8.1845, 0.1901, 5.8406, 7.6210, 0.0148, 6.8206, 7.7130, 1
64.5230, 0.67, 1.79, 0.67, 1.88, 0.74, 0.09, 0.48, 1.86, 0.53, 2.27, 0.74, 0.00, 0.47, 2.17, 0.67, 1.78, 7.8260, 8.2007, 0.4379, 5.8393, 7.8581, 0.0025, 6.7030, 7.7734, 1
67.4560, 0.69, 1.78, 0.67, 1.85, 0.77, 0.07, 0.48, 1.88, 0.53, 2.23, 0.72, -0.02, 0.47, 2.18, 0.67, 1.75, 8.0016, 8.0410, 0.3245, 5.8937, 7.7242, -0.0772, 6.7349, 7.6376, 1
70.3900, 0.67, 1.85, 0.69, 1.79, 0.75, 0.09, 0.48, 1.83, 0.53, 2.22, 0.74, -0.00, 0.47, 2.21, 0.67, 1.77, 8.1057, 8.0379, 0.4603, 5.7601, 7.7018, -0.0129, 6.8434, 7.7609, 1
73.3240, 0.67, 1.86, 0.67, 1.92, 0.77, 0.05, 0.48, 1.80, 0.53, 2.19, 0.72, -0.00, 0.47, 2.20, 0.67, 1.78, 8.1220, 8.3934, 0.2444, 5.6775, 7.5909, -0.0021, 6.8010, 7.7814, 1
76.2580, 0.67, 1.88, 0.67, 1.90, 0.75, 0.06, 0.48, 1.82, 0.53, 2.18, 0.70, -0.00, 0.47, 2.15, 0.67, 1.78, 8.1898, 8.2996, 0.2845, 5.7159, 7.5641, -0.0004, 6.6481, 7.7848, 1
79.1910, 0.67, 1.83, 0.67, 1.88, 0.77, 0.09, 0.48, 1.87, 0.53, 2.18, 0.67, -0.00, 0.47, 2.14, 0.67, 1.78, 7.9986, 8.2042, 0.4667, 5.8956, 7.5597, -0.0001, 6.6227, 7.7853, 1
82.1240, 0.69, 1.77, 0.67, 1.86, 0.79, 0.05, 0.48, 1.86, 0.53, 2.21, 0.65, -0.02, 0.47, 2.16, 0.67, 1.70, 7.9465, 8.1144, 0.2507, 5.8583, 7.6849, -0.0703, 6.6700, 7.4209, 1
85.0590, 0.71, 1.71, 0.69, 1.81, 0.82, 0.07, 0.48, 1.81, 0.53, 2.19, 0.63, -0.00, 0.47, 2.18, 0.67, 1.73, 7.9494, 8.1403, 0.3975, 5.6933, 7.5797, -0.0122, 6.7295, 7.5789, 1
87.9930, 0.70, 1.79, 0.67, 1.87, 0.84, 0.11, 0.48, 1.77, 0.53, 2.18, 0.64, -0.00, 0.47, 2.20, 0.67, 1.76, 8.0976, 8.1673, 0.6157, 5.5388, 7.5622, -0.0020, 6.7909, 7.6782, 1
90.9260, 0.69, 1.81, 0.65, 1.93, 0.82, 0.09, 0.48, 1.79, 0.53, 2.13, 0.62, 0.02, 0.47, 2.22, 0.67, 1.79, 8.1817, 8.1623, 0.4589, 5.6396, 7.3860, 0.0668, 6.8526, 7.8405, 1
93.8600, 0.69, 1.79, 0.63, 1.99, 0.80, 0.08, 0.48, 1.80, 0.53, 2.16, 0.64, 0.04, 0.47, 2.19, 0.67, 1.77, 8.0765, 8.1290, 0.4207, 5.6726, 7.4722, 0.1507, 6.7598, 7.7217, 1
96.7930, 0.69, 1.81, 0.62, 1.98, 0.82, 0.08, 0.48, 1.83, 0.53, 2.24, 0.66, 0.01, 0.47, 2.15, 0.67, 1.78, 8.2011, 8.0381, 0.4258, 5.7832, 7.7755, 0.0251, 6.6414, 7.7748, 1
99.7270, 0.69, 1.79, 0.62, 1.93, 0.80, 0.08, 0.48, 1.86, 0.53, 2.22, 0.69, 0.00, 0.47, 2.09, 0.67, 1.73, 8.0714, 7.8288, 0.4158, 5.8459, 7.7105, 0.0042, 6.4670, 7.5650, 1
102.6600, 0.67, 1.83, 0.64, 1.84, 0.82, 0.06, 0.48, 1.88, 0.53, 2.19, 0.71, 0.00, 0.47, 2.10, 0.69, 1.67, 8.0372, 7.6774, 0.3354, 5.8855, 7.5841, 0.0007, 6.4895, 7.5275, 1
105.5940, 0.65, 1.89, 0.63, 1.92, 0.84, 0.09, 0.48, 1.78, 0.53, 2.20, 0.73, 0.00, 0.47, 2.10, 0.72, 1.61, 8.0173, 7.8364, 0.5142, 5.5854, 7.6208, 0.0001, 6.4932, 7.5032, 1
108.5280, 0.65, 1.90, 0.60, 1.95, 0.86, 0.03, 0.48, 1.76, 0.53, 2.17, 0.76, -0.05, 0.47, 2.12, 0.74, 1.60, 8.0061, 7.6842, 0.1800, 5.5427, 7.5113, -0.2484, 6.5454, 7.7075, 1
111.4620, 0.65, 1.90, 0.62, 1.94, 0.89, 0.11, 0.48, 1.76, 0.53, 2.14, 0.78, -0.04, 0.47, 2.14, 0.74, 1.58, 8.0122, 7.8376, 0.6112, 5.5445, 7.4353, -0.2122, 6.6056, 7.6608, 1
114.3960, 0.65, 1.90, 0.62, 1.91, 0.91, 0.10, 0.48, 1.76, 0.55, 2.09, 0.77, -0.01, 0.47, 2.17, 0.74, 1.63, 8.0131, 7.7278, 0.5993, 5.5287, 7.5201, -0.0354, 6.7187, 7.8951, 1
117.3300, 0.65, 1.83, 0.60, 2.00, 0.90, 0.10, 0.48, 1.76, 0.56, 2.05, 0.74, -0.00, 0.47, 2.20, 0.74, 1.69, 7.7321, 7.8436, 0.5842, 5.5172, 7.4135, -0.0059, 6.7891, 8.1779, 1
120.2640, 0.67, 1.81, 0.60, 1.97, 0.91, 0.13, 0.48, 1.84, 0.58, 2.04, 0.72, -0.00, 0.47, 2.20, 0.74, 1.66, 7.8255, 7.6693, 0.7937, 5.8016, 7.6615, -0.0010, 6.8008, 8.0620, 1
123.1980, 0.67, 1.80, 0.60, 1.99, 0.93, 0.12, 0.48, 1.82, 0.58, 2.06, 0.74, -0.02, 0.47, 2.15, 0.74, 1.68, 7.8488, 7.7792, 0.7432, 5.7287, 7.7658, -0.0804, 6.6481, 8.1234, 1
126.1330, 0.69, 1.73, 0.60, 1.98, 0.96, 0.12, 0.48, 1.82, 0.58, 2.08, 0.76, -0.04, 0.47, 2.11, 0.74, 1.65, 7.7784, 7.7210, 0.7520, 5.7244, 7.8461, -0.1790, 6.5196, 7.9722, 1
129.0660, 0.71, 1.66, 0.60, 1.93, 0.98, 0.12, 0.48, 1.84, 0.58, 2.13, 0.74, -0.04, 0.47, 2.10, 0.74, 1.64, 7.6793, 7.5254, 0.7691, 5.7752, 8.0401, -0.1903, 6.4982, 7.9470, 1
132.0000, 0.74, 1.69, 0.62, 1.84, 0.97, 0.14, 0.48, 1.79, 0.58, 2.15, 0.72, -0.01, 0.47, 2.08, 0.74, 1.64, 8.1404, 7.4066, 0.8605, 5.6342, 8.1437, -0.0317, 6.4431, 7.9428, 1
134.9350, 0.74, 1.65, 0.64, 1.79, 0.99, 0.14, 0.48, 1.73, 0.58, 2.09, 0.74, -0.00, 0.47, 2.11, 0.74, 1.62, 7.9750, 7.4749, 0.8944, 5.4451, 7.9007, -0.0053, 6.5370, 7.8614, 1
137.8690, 0.72, 1.76, 0.63, 1.88, 1.01, 0.12, 0.48, 1.76, 0.58, 2.03, 0.76, -0.03, 0.47, 2.14, 0.74, 1.67, 8.2806, 7.6683, 0.8084, 5.5267, 7.6796, -0.1665, 6.6042, 8.0900, 1
140.8020, 0.70, 1.76, 0.60, 1.96, 1.03, 0.12, 0.48, 1.78, 0.60, 2.04, 0.74, -0.02, 0.47, 2.14, 0.74, 1.68, 8.0153, 7.7130, 0.8097, 5.5845, 7.9715, -0.1080, 6.5972, 8.1281, 1
143.7370, 0.72, 1.74, 0.62, 1.91, 1.06, 0.12, 0.48, 1.81, 0.60, 2.06, 0.72, -0.02, 0.47, 2.07, 0.74, 1.63, 8.1233, 7.7159, 0.8256, 5.7070, 8.0857, -0.0956, 6.4080, 7.8923, 1
146.6710, 0.74, 1.64, 0.64, 1.84, 1.08, 0.10, 0.48, 1.82, 0.60, 2.06, 0.70, -0.00, 0.47, 2.06, 0.74, 1.64, 7.8852, 7.6827, 0.7261, 5.7364, 8.0968, -0.0159, 6.3766, 7.9337, 1
149.6050, 0.76, 1.64, 0.66, 1.79, 1.06, 0.08, 0.48, 1.75, 0.60, 2.03, 0.67, -0.02, 0.47, 2.11, 0.74, 1.64, 8.1461, 7.7308, 0.5814, 5.5241, 7.9753, -0.0751, 6.5259, 7.9406, 1
152.5380, 0.75, 1.74, 0.65, 1.90, 1.04, 0.10, 0.48, 1.79, 0.60, 2.02, 0.69, -0.00, 0.47, 2.12, 0.74, 1.67, 8.4601, 8.0293, 0.6594, 5.6534, 7.9551, -0.0125, 6.5508, 8.1032, 1
155.4730, 0.74, 1.71, 0.65, 1.85, 1.02, 0.12, 0.48, 1.78, 0.60, 2.10, 0.71, -0.00, 0.47, 2.05, 0.74, 1.66, 8.2636, 7.8051, 0.7693, 5.5999, 8.2709, -0.0021, 6.3488, 8.0495, 1
158.4070, 0.76, 1.63, 0.67, 1.76, 0.99, 0.12, 0.48, 1.78, 0.60, 2.08, 0.69, -0.00, 0.47, 2.08, 0.74, 1.63, 8.1258, 7.6356, 0.7720, 5.5983, 8.2011, -0.0003, 6.4183, 7.8792, 1
161.3410, 0.78, 1.66, 0.69, 1.71, 1.01, 0.12, 0.48, 1.75, 0.60, 2.08, 0.67, -0.00, 0.47, 2.13, 0.74, 1.64, 8.4565, 7.6596, 0.7880, 5.4934, 8.1811, -0.0001, 6.5846, 7.9315, 1
164.2760, 0.77, 1.73, 0.67, 1.82, 1.03, 0.14, 0.48, 1.72, 0.60, 2.01, 0.69, -0.00, 0.47, 2.17, 0.74, 1.66, 8.6437, 7.9508, 0.9183, 5.4223, 7.9238, -0.0000, 6.7152, 8.0209, 1
167.2090, 0.77, 1.72, 0.69, 1.79, 1.02, 0.12, 0.48, 1.75, 0.62, 1.95, 0.71, -0.00, 0.47, 2.10, 0.74, 1.68, 8.6057, 8.0208, 0.8124, 5.5312, 7.9368, -0.0000, 6.4793, 8.1165, 1
170.1430, 0.77, 1.70, 0.71, 1.75, 1.03, 0.12, 0.48, 1.78, 0.63, 2.06, 0.70, 0.02, 0.48, 2.08, 0.74, 1.65, 8.5160, 8.1112, 0.8104, 5.5780, 8.4080, 0.0755, 6.4494, 7.9710, 1
173.0770, 0.77, 1.68, 0.74, 1.67, 1.06, 0.14, 0.48, 1.78, 0.63, 2.06, 0.67, 0.00, 0.47, 2.03, 0.74, 1.66, 8.4178, 8.0233, 0.9408, 5.6029, 8.4173, 0.0126, 6.2726, 8.0276, 1
176.0110, 0.79, 1.66, 0.72, 1.75, 1.08, 0.09, 0.48, 1.73, 0.63, 2.03, 0.65, -0.02, 0.47, 2.09, 0.74, 1.64, 8.5213, 8.1887, 0.6276, 5.4483, 8.2917, -0.0682, 6.4571, 7.9563, 1
178.9450, 0.79, 1.66, 0.70, 1.77, 1.06, 0.13, 0.48, 1.74, 0.63, 1.99, 0.67, -0.02, 0.47, 2.13, 0.74, 1.66, 8.5161, 8.0458, 0.9103, 5.4747, 8.1251, -0.0838, 6.5910, 8.0251, 1
181.8790, 0.77, 1.71, 0.67, 1.88, 1.04, 0.12, 0.48, 1.76, 0.63, 2.00, 0.65, -0.00, 0.47, 2.12, 0.74, 1.63, 8.5844, 8.2260, 0.8267, 5.5098, 8.1572, -0.0140, 6.5617, 7.8688, 1
184.8130, 0.77, 1.70, 0.67, 1.83, 1.06, 0.12, 0.48, 1.79, 0.63, 2.07, 0.63, -0.00, 0.47, 2.09, 0.74, 1.65, 8.5057, 7.9738, 0.8279, 5.6437, 8.4271, -0.0023, 6.4538, 8.0105, 1
187.7470, 0.77, 1.67, 0.69, 1.75, 1.08, 0.12, 0.48, 1.78, 0.63, 2.08, 0.60, -0.00, 0.47, 2.06, 0.74, 1.61, 8.3327, 7.8674, 0.8442, 5.6139, 8.4980, -0.0004, 6.3843, 7.7920, 1
190.6810, 0.75, 1.74, 0.71, 1.71, 1.10, 0.10, 0.48, 1.71, 0.63, 2.06, 0.58, 0.02, 0.47, 2.09, 0.74, 1.60, 8.4913, 7.9128, 0.7423, 5.3970, 8.4322, 0.0624, 6.4757, 7.7556, 1
193.6150, 0.72, 1.87, 0.70, 1.77, 1.09, 0.12, 0.48, 1.69, 0.63, 2.06, 0.60, 0.02, 0.47, 2.10, 0.74, 1.67, 8.8352, 8.0227, 0.8300, 5.3089, 8.4207, 0.0755, 6.4909, 8.0724, 1
196.5490, 0.72, 1.80, 0.67, 1.84, 1.11, 0.10, 0.48, 1.70, 0.63, 2.01, 0.62, 0.02, 0.47, 2.08, 0.74, 1.66, 8.4239, 8.1004, 0.7399, 5.3478, 8.2242, 0.0803, 6.4419, 8.0444, 1
199.4830, 0.72, 1.77, 0.65, 1.89, 1.09, 0.10, 0.48, 1.75, 0.63, 2.00, 0.64, 0.00, 0.47, 2.08, 0.74, 1.68, 8.2700, 8.0189, 0.7118, 5.4959, 8.1816, 0.0134, 6.4338, 8.1204, 1
202.4160, 0.72, 1.74, 0.67, 1.82, 1.06, 0.12, 0.48, 1.79, 0.63, 2.03, 0.66, -0.02, 0.47, 2.03, 0.74, 1.66, 8.1736, 7.8810, 0.8087, 5.6403, 8.2926, -0.0702, 6.2778, 8.0524, 1
205.3510, 0.74, 1.66, 0.69, 1.72, 1.04, 0.12, 0.48, 1.80, 0.63, 2.02, 0.69, -0.00, 0.48, 2.04, 0.74, 1.64, 7.9806, 7.7087, 0.8098, 5.6482, 8.2710, -0.0117, 6.3035, 7.9666, 1
208.2850, 0.76, 1.66, 0.71, 1.70, 1.06, 0.14, 0.48, 1.73, 0.63, 2.00, 0.67, 0.02, 0.48, 2.09, 0.74, 1.61, 8.2453, 7.8936, 0.9407, 5.4553, 8.1820, 0.0704, 6.4624, 7.7847, 1
211.2190, 0.75, 1.74, 0.70, 1.78, 1.04, 0.14, 0.48, 1.72, 0.63, 2.05, 0.65, 0.00, 0.47, 2.11, 0.74, 1.63, 8.4767, 8.0789, 0.9443, 5.4238, 8.3889, 0.0117, 6.5403, 7.9158, 1
214.1530, 0.74, 1.74, 0.67, 1.83, 1.02, 0.12, 0.48, 1.70, 0.63, 1.99, 0.66, 0.00, 0.47, 2.09, 0.74, 1.67, 8.4195, 8.0290, 0.8167, 5.3592, 8.1507, 0.0020, 6.4502, 8.0990, 1
217.0870, 0.74, 1.72, 0.65, 1.89, 1.03, 0.12, 0.48, 1.75, 0.63, 1.98, 0.65, 0.00, 0.47, 2.05, 0.74, 1.68, 8.3376, 8.0159, 0.8111, 5.5051, 8.1110, 0.0003, 6.3320, 8.1296, 1
220.0210, 0.74, 1.70, 0.67, 1.80, 1.02, 0.12, 0.48, 1.74, 0.63, 2.01, 0.63, -0.03, 0.47, 2.02, 0.74, 1.60, 8.2500, 7.7946, 0.7946, 5.4852, 8.2241, -0.1348, 6.2609, 7.7311, 1
222.9550, 0.76, 1.63, 0.69, 1.72, 0.99, 0.12, 0.48, 1.72, 0.63, 2.04, 0.64, -0.01, 0.47, 2.02, 0.74, 1.63, 8.1079, 7.7022, 0.7762, 5.4219, 8.3185, -0.0225, 6.2491, 7.9068, 1
225.8890, 0.75, 1.67, 0.71, 1.70, 1.01, 0.12, 0.48, 1.74, 0.63, 2.02, 0.66, -0.00, 0.47, 2.07, 0.74, 1.61, 8.1310, 7.9077, 0.7887, 5.4567, 8.2753, -0.0037, 6.4017, 7.7747, 1
228.8230, 0.72, 1.76, 0.74, 1.63, 1.03, 0.12, 0.48, 1.71, 0.63, 2.02, 0.69, -0.00, 0.47, 2.06, 0.74, 1.58, 8.3066, 7.8430, 0.8064, 5.3719, 8.2681, -0.0006, 6.3756, 7.6720, 1
231.7570, 0.72, 1.76, 0.72, 1.74, 1.06, 0.14, 0.48, 1.70, 0.63, 2.02, 0.71, -0.00, 0.47, 2.06, 0.72, 1.65, 8.2348, 8.1738, 0.9401, 5.3578, 8.2670, -0.0001, 6.3712, 7.7616, 1
234.6910, 0.72, 1.78, 0.70, 1.84, 1.04, 0.11, 0.48, 1.67, 0.63, 1.99, 0.69, -0.00, 0.47, 2.09, 0.72, 1.67, 8.3239, 8.3595, 0.7192, 5.2358, 8.1303, -0.0000, 6.4736, 7.8546, 1
237.6250, 0.72, 1.75, 0.69, 1.82, 1.06, 0.13, 0.48, 1.73, 0.63, 2.00, 0.67, -0.00, 0.47, 2.08, 0.72, 1.73, 8.1757, 8.2488, 0.9256, 5.4314, 8.1665, -0.0000, 6.4391, 8.1044, 1
240.5590, 0.72, 1.72, 0.69, 1.84, 1.08, 0.12, 0.48, 1.74, 0.63, 2.00, 0.69, -0.00, 0.47, 2.05, 0.72, 1.67, 8.0798, 8.2970, 0.8605, 5.4651, 8.1719, -0.0000, 6.3303, 7.8336, 1
243.4930, 0.72, 1.67, 0.69, 1.81, 1.06, 0.12, 0.48, 1.74, 0.63, 2.02, 0.67, 0.02, 0.47, 2.01, 0.72, 1.63, 7.8295, 8.1707, 0.8335, 5.4640, 8.2416, 0.0724, 6.2090, 7.6322, 1
246.4270, 0.74, 1.63, 0.72, 1.73, 1.04, 0.12, 0.48, 1.72, 0.63, 2.07, 0.65, 0.00, 0.47, 2.00, 0.74, 1.59, 7.8425, 8.0789, 0.8139, 5.4262, 8.4671, 0.0121, 6.1889, 7.6483, 1
249.3620, 0.76, 1.64, 0.74, 1.64, 1.06, 0.12, 0.48, 1.70, 0.63, 2.04, 0.66, 0.02, 0.47, 2.05, 0.74, 1.58, 8.1182, 7.8689, 0.8257, 5.3606, 8.3683, 0.0744, 6.3401, 7.6509, 1
252.2950, 0.75, 1.71, 0.72, 1.74, 1.08, 0.12, 0.48, 1.70, 0.63, 1.96, 0.69, 0.00, 0.47, 2.06, 0.74, 1.61, 8.2942, 8.1551, 0.8439, 5.3496, 8.0030, 0.0124, 6.3654, 7.8128, 1
255.2290, 0.74, 1.70, 0.70, 1.82, 1.06, 0.12, 0.48, 1.72, 0.63, 1.96, 0.71, 0.00, 0.47, 2.08, 0.74, 1.64, 8.2427, 8.2897, 0.8313, 5.3906, 8.0098, 0.0021, 6.4210, 7.9205, 1
258.1630, 0.74, 1.72, 0.67, 1.87, 1.04, 0.12, 0.48, 1.65, 0.63, 1.94, 0.73, -0.02, 0.47, 2.10, 0.74, 1.62, 8.3066, 8.2187, 0.8135, 5.1907, 7.9439, -0.0799, 6.4730, 7.8577, 1
261.0980, 0.74, 1.70, 0.67, 1.88, 1.02, 0.12, 0.48, 1.73, 0.63, 1.96, 0.76, -0.04, 0.47, 2.07, 0.74, 1.62, 8.2365, 8.1981, 0.7950, 5.4167, 8.0084, -0.1795, 6.3781, 7.8472, 1
264.0320, 0.74, 1.67, 0.67, 1.81, 0.99, 0.12, 0.48, 1.72, 0.63, 1.98, 0.78, -0.02, 0.47, 2.01, 0.74, 1.60, 8.0717, 7.9109, 0.7762, 5.3945, 8.0790, -0.1153, 6.2170, 7.7721, 1
266.9660, 0.76, 1.64, 0.69, 1.74, 1.01, 0.15, 0.48, 1.69, 0.63, 2.03, 0.77, -0.02, 0.47, 1.99, 0.74, 1.58, 8.1642, 7.8054, 1.0085, 5.3084, 8.2943, -0.1020, 6.1387, 7.6716, 1
269.9000, 0.75, 1.71, 0.71, 1.69, 1.03, 0.13, 0.48, 1.66, 0.63, 2.04, 0.74, -0.00, 0.47, 2.05, 0.74, 1.61, 8.3018, 7.8328, 0.8431, 5.2358, 8.3317, -0.0170, 6.3318, 7.8162, 1
272.8340, 0.74, 1.72, 0.70, 1.76, 1.06, 0.12, 0.48, 1.66, 0.63, 1.99, 0.72, -0.00, 0.47, 2.07, 0.74, 1.64, 8.3248, 8.0001, 0.8311, 5.2222, 8.1412, -0.0028, 6.4155, 7.9211, 1
275.7690, 0.74, 1.72, 0.67, 1.84, 1.04, 0.14, 0.48, 1.68, 0.63, 1.93, 0.74, -0.02, 0.47, 2.03, 0.74, 1.64, 8.3286, 8.0971, 0.9260, 5.2741, 7.8960, -0.0807, 6.2748, 7.9385, 1
278.7020, 0.74, 1.65, 0.65, 1.86, 1.02, 0.14, 0.48, 1.70, 0.63, 1.99, 0.76, -0.02, 0.47, 2.02, 0.74, 1.66, 8.0064, 7.8632, 0.9236, 5.3280, 8.1368, -0.0963, 6.2514, 8.0221, 1
281.6370, 0.76, 1.59, 0.66, 1.78, 1.03, 0.11, 0.48, 1.68, 0.63, 1.98, 0.74, -0.00, 0.47, 1.99, 0.74, 1.59, 7.9163, 7.6880, 0.7164, 5.2979, 8.1087, -0.0160, 6.1444, 7.7132, 1
284.5710, 0.78, 1.55, 0.69, 1.73, 1.06, 0.13, 0.48, 1.68, 0.63, 2.00, 0.72, -0.00, 0.47, 2.00, 0.74, 1.60, 7.8952, 7.7589, 0.9251, 5.2778, 8.1722, -0.0027, 6.1781, 7.7425, 1
287.5050, 0.77, 1.66, 0.71, 1.69, 1.08, 0.12, 0.48, 1.70, 0.63, 2.00, 0.74, -0.00, 0.47, 2.02, 0.74, 1.62, 8.2998, 7.8312, 0.8604, 5.3359, 8.1827, -0.0004, 6.2353, 7.8203, 1
290.4380, 0.75, 1.73, 0.70, 1.78, 1.06, 0.12, 0.48, 1.67, 0.63, 1.98, 0.72, -0.00, 0.47, 2.04, 0.74, 1.64, 8.3984, 8.0764, 0.8335, 5.2384, 8.0991, -0.0001, 6.2964, 7.9218, 1
293.3730, 0.74, 1.74, 0.67, 1.83, 1.04, 0.14, 0.48, 1.66, 0.63, 1.95, 0.74, -0.00, 0.47, 2.06, 0.74, 1.66, 8.4215, 8.0365, 0.9264, 5.2158, 7.9499, -0.0000, 6.3580, 8.0194, 1
296.3070, 0.74, 1.69, 0.67, 1.84, 1.06, 0.12, 0.48, 1.73, 0.63, 1.96, 0.72, -0.00, 0.47, 2.04, 0.74, 1.61, 8.1833, 8.0376, 0.8445, 5.4360, 8.0005, -0.0000, 6.3168, 7.7935, 1
299.2410, 0.76, 1.60, 0.69, 1.79, 1.08, 0.12, 0.48, 1.70, 0.63, 2.01, 0.70, -0.00, 0.47, 2.02, 0.74, 1.62, 7.9458, 8.0369, 0.8470, 5.3550, 8.2053, -0.0000, 6.2584, 7.8365, 1
302.1760, 0.78, 1.57, 0.69, 1.75, 1.06, 0.12, 0.48, 1.70, 0.63, 1.95, 0.67, -0.00, 0.47, 2.00, 0.74, 1.57, 7.9928, 7.8863, 0.8313, 5.3472, 7.9837, -0.0000, 6.1971, 7.6079, 1
305.1090, 0.77, 1.68, 0.71, 1.67, 1.08, 0.12, 0.48, 1.68, 0.63, 1.98, 0.69, -0.00, 0.48, 1.98, 0.76, 1.49, 8.4077, 7.7764, 0.8448, 5.2943, 8.0831, -0.0000, 6.1354, 7.4334, 1
308.0430, 0.77, 1.68, 0.70, 1.75, 1.06, 0.14, 0.48, 1.63, 0.63, 1.93, 0.67, -0.00, 0.48, 2.08, 0.75, 1.60, 8.3998, 7.9090, 0.9465, 5.1345, 7.8873, -0.0000, 6.4344, 7.7766, 1
310.9770, 0.77, 1.70, 0.67, 1.81, 1.04, 0.12, 0.48, 1.62, 0.63, 1.94, 0.69, -0.00, 0.47, 2.06, 0.74, 1.60, 8.4739, 7.9283, 0.8327, 5.0882, 7.9307, -0.0000, 6.3811, 7.7530, 1
313.9120, 0.77, 1.65, 0.65, 1.87, 1.02, 0.12, 0.48, 1.65, 0.63, 1.92, 0.71, -0.00, 0.47, 2.04, 0.74, 1.63, 8.2228, 7.9215, 0.7982, 5.2059, 7.8625, -0.0000, 6.3206, 7.9105, 1
316.8450, 0.77, 1.67, 0.65, 1.83, 1.03, 0.12, 0.48, 1.66, 0.63, 1.97, 0.73, -0.00, 0.47, 1.97, 0.74, 1.64, 8.3533, 7.7090, 0.8080, 5.2172, 8.0547, -0.0000, 6.1044, 7.9367, 1
319.7800, 0.77, 1.60, 0.67, 1.77, 1.02, 0.14, 0.48, 1.69, 0.63, 2.00, 0.76, -0.00, 0.48, 2.00, 0.74, 1.61, 7.9741, 7.6685, 0.9039, 5.3237, 8.1632, -0.0000, 6.1715, 7.7797, 1
322.7140, 0.79, 1.58, 0.69, 1.71, 1.03, 0.12, 0.48, 1.65, 0.63, 2.00, 0.74, -0.00, 0.47, 2.02, 0.74, 1.55, 8.0886, 7.6880, 0.8256, 5.1853, 8.1552, -0.0000, 6.2253, 7.5114, 1
325.6480, 0.77, 1.68, 0.71, 1.70, 1.02, 0.12, 0.48, 1.64, 0.63, 1.95, 0.72, -0.03, 0.47, 2.00, 0.74, 1.58, 8.4226, 7.9126, 0.7970, 5.1694, 7.9753, -0.1552, 6.1917, 7.6282, 1
328.5820, 0.77, 1.68, 0.70, 1.78, 1.03, 0.12, 0.48, 1.66, 0.63, 1.94, 0.70, -0.02, 0.47, 2.05, 0.74, 1.61, 8.3882, 8.0832, 0.8078, 5.2043, 7.9454, -0.1009, 6.3406, 7.8090, 1
331.5160, 0.77, 1.61, 0.67, 1.81, 1.06, 0.12, 0.48, 1.68, 0.63, 1.94, 0.71, -0.00, 0.47, 2.03, 0.74, 1.64, 8.0554, 7.9578, 0.8253, 5.2701, 7.9331, -0.0168, 6.2623, 7.9198, 1
334.4510, 0.79, 1.57, 0.67, 1.75, 1.08, 0.12, 0.48, 1.70, 0.63, 1.94, 0.73, -0.02, 0.48, 1.99, 0.74, 1.59, 8.0235, 7.6449, 0.8438, 5.3335, 7.9295, -0.0830, 6.1463, 7.6962, 1
337.3850, 0.77, 1.61, 0.69, 1.69, 1.10, 0.12, 0.48, 1.70, 0.63, 1.97, 0.72, -0.00, 0.48, 1.95, 0.74, 1.60, 8.0858, 7.6012, 0.8625, 5.3441, 8.0742, -0.0138, 6.0239, 7.7397, 1
340.3190, 0.75, 1.74, 0.67, 1.78, 1.13, 0.10, 0.48, 1.63, 0.63, 1.96, 0.70, -0.00, 0.47, 2.02, 0.74, 1.57, 8.4439, 7.7969, 0.7583, 5.1361, 8.0301, -0.0023, 6.2611, 7.5855, 1
343.2520, 0.74, 1.71, 0.65, 1.83, 1.11, 0.12, 0.48, 1.66, 0.63, 1.91, 0.71, -0.02, 0.47, 2.07, 0.74, 1.59, 8.2610, 7.7664, 0.8483, 5.2139, 7.8181, -0.0780, 6.4037, 7.7212, 1
346.1870, 0.74, 1.68, 0.65, 1.82, 1.13, 0.10, 0.48, 1.66, 0.63, 1.95, 0.69, -0.00, 0.47, 2.03, 0.74, 1.62, 8.1565, 7.6525, 0.7560, 5.2185, 7.9781, -0.0130, 6.2729, 7.8245, 1
349.1210, 0.74, 1.66, 0.67, 1.75, 1.11, 0.12, 0.48, 1.71, 0.63, 1.96, 0.71, -0.00, 0.47, 1.97, 0.74, 1.59, 8.0584, 7.6019, 0.8479, 5.3843, 8.0141, -0.0022, 6.0964, 7.6803, 1
352.0550, 0.76, 1.56, 0.69, 1.68, 1.09, 0.14, 0.48, 1.63, 0.63, 1.98, 0.69, -0.00, 0.47, 2.00, 0.74, 1.60, 7.7506, 7.5269, 0.9653, 5.1417, 8.0794, -0.0004, 6.1701, 7.7370, 1
354.9890, 0.75, 1.71, 0.71, 1.65, 1.06, 0.14, 0.48, 1.61, 0.63, 1.90, 0.67, -0.00, 0.47, 2.03, 0.74, 1.63, 8.3136, 7.6301, 0.9661, 5.0487, 7.7581, -0.0001, 6.2855, 7.9079, 1
357.9230, 0.72, 1.75, 0.70, 1.79, 1.08, 0.12, 0.48, 1.63, 0.63, 1.93, 0.69, -0.02, 0.47, 1.97, 0.74, 1.61, 8.2454, 8.1267, 0.8673, 5.1405, 7.9092, -0.0750, 6.0986, 7.7749, 1
360.8570, 0.72, 1.68, 0.69, 1.73, 1.10, 0.12, 0.48, 1.67, 0.63, 1.96, 0.71, -0.00, 0.47, 1.93, 0.75, 1.57, 7.8420, 7.8252, 0.8664, 5.2667, 8.0026, -0.0125, 5.9643, 7.6127, 1
363.7920, 0.74, 1.65, 0.71, 1.67, 1.13, 0.10, 0.48, 1.61, 0.63, 1.93, 0.69, 0.02, 0.47, 2.00, 0.74, 1.61, 7.9254, 7.7798, 0.7590, 5.0565, 7.8645, 0.0729, 6.1903, 7.8065, 1
366.7250, 0.72, 1.72, 0.74, 1.63, 1.11, 0.10, 0.48, 1.64, 0.63, 1.89, 0.71, 0.02, 0.47, 2.00, 0.74, 1.59, 8.1161, 7.8124, 0.7281, 5.1325, 7.7140, 0.0898, 6.1858, 7.6773, 1
369.6590, 0.72, 1.69, 0.72, 1.69, 1.09, 0.12, 0.48, 1.67, 0.63, 1.95, 0.73, 0.00, 0.47, 1.98, 0.74, 1.58, 7.9069, 7.9265, 0.8276, 5.2659, 7.9701, 0.0150, 6.1335, 7.6558, 1
372.5930, 0.74, 1.65, 0.74, 1.60, 1.11, 0.14, 0.48, 1.68, 0.63, 1.97, 0.72, -0.02, 0.47, 1.96, 0.74, 1.58, 7.9362, 7.6895, 0.9812, 5.2719, 8.0809, -0.0751, 6.0733, 7.6522, 1
375.5280, 0.74, 1.66, 0.76, 1.57, 1.13, 0.11, 0.48, 1.63, 0.63, 1.93, 0.74, -0.00, 0.48, 2.03, 0.74, 1.58, 8.0217, 7.7740, 0.7781, 5.1163, 7.8781, -0.0125, 6.2694, 7.6516, 1
378.4620, 0.74, 1.66, 0.75, 1.64, 1.11, 0.15, 0.48, 1.65, 0.63, 1.90, 0.76, -0.03, 0.47, 2.00, 0.74, 1.61, 8.0219, 7.9816, 1.0922, 5.1966, 7.7928, -0.1677, 6.1989, 7.8129, 1
381.3960, 0.74, 1.61, 0.72, 1.72, 1.09, 0.13, 0.48, 1.64, 0.63, 1.97, 0.78, -0.02, 0.48, 1.93, 0.74, 1.59, 7.7877, 8.1182, 0.8883, 5.1432, 8.0431, -0.1134, 5.9811, 7.6783, 1
384.3300, 0.76, 1.57, 0.74, 1.65, 1.11, 0.12, 0.48, 1.66, 0.63, 1.93, 0.77, -0.02, 0.48, 2.01, 0.74, 1.60, 7.7899, 7.9568, 0.8699, 5.2151, 7.8728, -0.1017, 6.2025, 7.7367, 1
387.2650, 0.75, 1.64, 0.76, 1.64, 1.13, 0.12, 0.48, 1.66, 0.63, 1.92, 0.78, -0.00, 0.47, 1.97, 0.74, 1.63, 7.9973, 8.1424, 0.8825, 5.2115, 7.8508, -0.0170, 6.0847, 7.9078, 1
390.1990, 0.74, 1.62, 0.77, 1.62, 1.11, 0.15, 0.48, 1.66, 0.63, 1.94, 0.77, -0.03, 0.48, 1.94, 0.74, 1.57, 7.8705, 8.0931, 1.1096, 5.2202, 7.9174, -0.1685, 6.0136, 7.6135, 1
393.1330, 0.76, 1.60, 0.77, 1.60, 1.13, 0.13, 0.48, 1.63, 0.63, 1.92, 0.78, -0.01, 0.48, 1.97, 0.74, 1.55, 7.9708, 8.0079, 0.9224, 5.1228, 7.8675, -0.0281, 6.1049, 7.4837, 1
396.0670, 0.75, 1.67, 0.75, 1.72, 1.11, 0.12, 0.48, 1.65, 0.63, 1.90, 0.81, -0.07, 0.48, 1.98, 0.72, 1.66, 8.1082, 8.3403, 0.8756, 5.1966, 7.7911, -0.3562, 6.1200, 7.8083, 1
399.0020, 0.74, 1.63, 0.74, 1.69, 1.09, 0.12, 0.48, 1.66, 0.63, 1.92, 0.79, -0.06, 0.48, 1.96, 0.72, 1.59, 7.8822, 8.1479, 0.8522, 5.2235, 7.8231, -0.3156, 6.0710, 7.4719, 1
401.9370, 0.76, 1.57, 0.76, 1.63, 1.06, 0.12, 0.48, 1.63, 0.63, 1.97, 0.77, -0.03, 0.47, 1.98, 0.72, 1.60, 7.7983, 8.1066, 0.8316, 5.1238, 8.0565, -0.1359, 6.1051, 7.4939, 1
404.8700, 0.78, 1.58, 0.78, 1.61, 1.04, 0.12, 0.48, 1.60, 0.63, 1.89, 0.74, -0.00, 0.47, 1.96, 0.72, 1.58, 8.0531, 8.1971, 0.8136, 5.0541, 7.7543, -0.0227, 6.0685, 7.4195, 1
407.8050, 0.79, 1.61, 0.77, 1.68, 1.02, 0.14, 0.48, 1.60, 0.63, 1.87, 0.76, -0.00, 0.47, 1.98, 0.72, 1.65, 8.2804, 8.4480, 0.9049, 5.0493, 7.6274, -0.0038, 6.1140, 7.7195, 1
410.7390, 0.79, 1.59, 0.77, 1.68, 0.99, 0.12, 0.48, 1.63, 0.63, 1.91, 0.78, -0.00, 0.47, 1.95, 0.72, 1.64, 8.1396, 8.3997, 0.7946, 5.1458, 7.8193, -0.0006, 6.0184, 7.6987, 1
413.6740, 0.79, 1.56, 0.77, 1.60, 1.01, 0.12, 0.48, 1.64, 0.63, 1.95, 0.77, -0.00, 0.48, 1.89, 0.72, 1.61, 8.0240, 7.9819, 0.7913, 5.1478, 7.9877, -0.0001, 5.8479, 7.5317, 1
416.6080, 0.79, 1.56, 0.75, 1.67, 1.03, 0.15, 0.48, 1.62, 0.63, 1.96, 0.74, -0.02, 0.48, 1.95, 0.72, 1.58, 8.0115, 8.0949, 1.0319, 5.1091, 8.0156, -0.0802, 6.0257, 7.4258, 1
419.5420, 0.79, 1.61, 0.72, 1.73, 1.06, 0.13, 0.48, 1.60, 0.63, 1.88, 0.76, -0.00, 0.48, 1.97, 0.72, 1.63, 8.2807, 8.1215, 0.8626, 5.0522, 7.6793, -0.0134, 6.1069, 7.6425, 1
422.4760, 0.77, 1.65, 0.70, 1.79, 1.04, 0.14, 0.48, 1.60, 0.63, 1.90, 0.74, -0.00, 0.48, 2.00, 0.72, 1.64, 8.2875, 8.1414, 0.9313, 5.0354, 7.7341, -0.0022, 6.1719, 7.6786, 1
425.4100, 0.77, 1.63, 0.67, 1.86, 1.06, 0.12, 0.48, 1.60, 0.63, 1.88, 0.72, -0.00, 0.48, 2.00, 0.72, 1.64, 8.1297, 8.1842, 0.8453, 5.0316, 7.7006, -0.0004, 6.1827, 7.6846, 1
428.3450, 0.77, 1.60, 0.67, 1.84, 1.08, 0.07, 0.48, 1.67, 0.63, 1.91, 0.70, -0.00, 0.48, 1.97, 0.72, 1.59, 8.0202, 8.0539, 0.4940, 5.2559, 7.8315, -0.0001, 6.0814, 7.4512, 1
431.2780, 0.79, 1.57, 0.69, 1.79, 1.10, 0.11, 0.48, 1.68, 0.63, 1.92, 0.71, -0.00, 0.48, 1.91, 0.72, 1.56, 8.0129, 8.0323, 0.8042, 5.2854, 7.8371, -0.0000, 5.9099, 7.3342, 1
434.2120, 0.79, 1.54, 0.71, 1.72, 1.13, 0.10, 0.48, 1.63, 0.63, 1.95, 0.70, -0.02, 0.48, 1.92, 0.72, 1.54, 7.9311, 7.9632, 0.7486, 5.1326, 7.9827, -0.0750, 5.9330, 7.2367, 1
437.1470, 0.77, 1.62, 0.72, 1.69, 1.15, 0.08, 0.48, 1.60, 0.63, 1.94, 0.67, 0.01, 0.48, 1.99, 0.72, 1.59, 8.1318, 7.8574, 0.6268, 5.0560, 7.9383, 0.0599, 6.1430, 7.4547, 1
440.0810, 0.75, 1.67, 0.70, 1.75, 1.14, 0.11, 0.48, 1.62, 0.63, 1.91, 0.69, 0.00, 0.48, 2.00, 0.72, 1.60, 8.1350, 7.9454, 0.8420, 5.0954, 7.8028, 0.0100, 6.1780, 7.4911, 1
443.0140, 0.74, 1.70, 0.67, 1.79, 1.15, 0.12, 0.48, 1.60, 0.63, 1.88, 0.71, 0.00, 0.47, 2.03, 0.72, 1.62, 8.2095, 7.8693, 0.8945, 5.0421, 7.7121, 0.0017, 6.2775, 7.5753, 1
445.9480, 0.74, 1.67, 0.65, 1.83, 1.14, 0.12, 0.48, 1.62, 0.63, 1.90, 0.73, -0.02, 0.47, 1.97, 0.72, 1.64, 8.0673, 7.7784, 0.8866, 5.0791, 7.7568, -0.0799, 6.0889, 7.6674, 1
448.8830, 0.74, 1.66, 0.67, 1.77, 1.15, 0.12, 0.48, 1.62, 0.63, 1.90, 0.72, -0.00, 0.47, 1.98, 0.72, 1.62, 8.0357, 7.6880, 0.9009, 5.0779, 7.7549, -0.0133, 6.1174, 7.6046, 1
451.8170, 0.74, 1.61, 0.69, 1.71, 1.18, 0.09, 0.48, 1.60, 0.63, 1.90, 0.70, 0.03, 0.47, 1.96, 0.72, 1.59, 7.7821, 7.6766, 0.6626, 5.0470, 7.7635, 0.1478, 6.0705, 7.4379, 1
454.7510, 0.76, 1.52, 0.71, 1.67, 1.16, 0.08, 0.48, 1.67, 0.63, 1.90, 0.67, 0.01, 0.47, 1.94, 0.72, 1.60, 7.5457, 7.7399, 0.6125, 5.2355, 7.7560, 0.0246, 6.0111, 7.4882, 1
457.6850, 0.78, 1.54, 0.74, 1.61, 1.18, 0.10, 0.48, 1.66, 0.63, 1.93, 0.65, 0.00, 0.48, 1.94, 0.72, 1.60, 7.8407, 7.7266, 0.7427, 5.2154, 7.8839, 0.0041, 6.0014, 7.4966, 1
460.6190, 0.77, 1.54, 0.76, 1.59, 1.16, 0.12, 0.48, 1.63, 0.63, 1.96, 0.63, 0.00, 0.48, 1.92, 0.72, 1.55, 7.7153, 7.8697, 0.8769, 5.1079, 7.9802, 0.0007, 5.9482, 7.2638, 1
463.5530, 0.78, 1.56, 0.74, 1.61, 1.14, 0.10, 0.48, 1.64, 0.63, 1.91, 0.60, 0.02, 0.48, 1.89, 0.74, 1.52, 7.9539, 7.8289, 0.7607, 5.1425, 7.8098, 0.0652, 5.8363, 7.3448, 1
466.4880, 0.77, 1.59, 0.72, 1.67, 1.11, 0.10, 0.48, 1.66, 0.63, 1.87, 0.62, 0.00, 0.48, 1.93, 0.74, 1.49, 7.9909, 7.8507, 0.7283, 5.2155, 7.6294, 0.0109, 5.9723, 7.1968, 1
469.4210, 0.77, 1.63, 0.70, 1.73, 1.13, 0.12, 0.48, 1.61, 0.63, 1.89, 0.64, 0.00, 0.48, 1.97, 0.72, 1.56, 8.1570, 7.8620, 0.8589, 5.0694, 7.7326, 0.0018, 6.0980, 7.3700, 1
472.3550, 0.77, 1.61, 0.67, 1.84, 1.11, 0.12, 0.48, 1.60, 0.63, 1.85, 0.66, 0.02, 0.48, 2.01, 0.72, 1.61, 8.0174, 8.0580, 0.8650, 5.0451, 7.5640, 0.0727, 6.2219, 7.5550, 1
475.2900, 0.77, 1.60, 0.67, 1.81, 1.13, 0.12, 0.48, 1.62, 0.63, 1.81, 0.69, 0.00, 0.48, 2.00, 0.72, 1.64, 7.9942, 7.8803, 0.8817, 5.0806, 7.3828, 0.0121, 6.1911, 7.6640, 1
478.2240, 0.77, 1.60, 0.67, 1.78, 1.11, 0.14, 0.48, 1.62, 0.63, 1.87, 0.67, 0.00, 0.48, 1.95, 0.72, 1.66, 7.9976, 7.7867, 0.9891, 5.0932, 7.6260, 0.0020, 6.0313, 7.7603, 1
481.1570, 0.77, 1.60, 0.67, 1.76, 1.13, 0.11, 0.48, 1.65, 0.63, 1.93, 0.69, 0.00, 0.48, 1.98, 0.72, 1.58, 7.9841, 7.6903, 0.7794, 5.1917, 7.8799, 0.0003, 6.1078, 7.3858, 1
484.0910, 0.77, 1.57, 0.69, 1.68, 1.15, 0.12, 0.48, 1.63, 0.63, 1.90, 0.67, -0.02, 0.47, 1.96, 0.72, 1.55, 7.8226, 7.5265, 0.8830, 5.1102, 7.7843, -0.0723, 6.0602, 7.2452, 1
487.0260, 0.79, 1.54, 0.71, 1.63, 1.18, 0.10, 0.48, 1.64, 0.63, 1.93, 0.69, -0.02, 0.47, 1.94, 0.72, 1.57, 7.8999, 7.5608, 0.7878, 5.1565, 7.9136, -0.0876, 6.0096, 7.3781, 1
489.9600, 0.77, 1.62, 0.70, 1.69, 1.20, 0.13, 0.48, 1.61, 0.63, 1.92, 0.71, -0.02, 0.47, 1.97, 0.72, 1.58, 8.1486, 7.6711, 1.0464, 5.0528, 7.8669, -0.0922, 6.1042, 7.4002, 1
492.8940, 0.77, 1.67, 0.67, 1.73, 1.18, 0.12, 0.48, 1.58, 0.63, 1.85, 0.73, -0.00, 0.48, 1.98, 0.72, 1.58, 8.3488, 7.6045, 0.9431, 4.9819, 7.5707, -0.0154, 6.1200, 7.4039, 1
495.8270, 0.77, 1.63, 0.65, 1.82, 1.16, 0.12, 0.48, 1.60, 0.63, 1.88, 0.76, -0.02, 0.48, 1.98, 0.72, 1.61, 8.1343, 7.7271, 0.9103, 5.0310, 7.6734, -0.0854, 6.1225, 7.5608, 1
498.7620, 0.77, 1.64, 0.65, 1.79, 1.14, 0.10, 0.48, 1.60, 0.63, 1.91, 0.74, -0.02, 0.48, 1.93, 0.72, 1.62, 8.1803, 7.5288, 0.7663, 5.0303, 7.8270, -0.0950, 5.9684, 7.5868, 1
501.6960, 0.77, 1.57, 0.67, 1.75, 1.11, 0.13, 0.48, 1.58, 0.63, 1.94, 0.72, -0.00, 0.48, 1.90, 0.72, 1.60, 7.8495, 7.5751, 0.9699, 4.9719, 7.9208, -0.0158, 5.8912, 7.5131, 1
504.6310, 0.78, 1.53, 0.67, 1.71, 1.09, 0.12, 0.48, 1.63, 0.63, 1.96, 0.70, -0.00, 0.48, 1.90, 0.72, 1.60, 7.8122, 7.4437, 0.8679, 5.1334, 8.0046, -0.0026, 5.8783, 7.5008, 1
507.5640, 0.77, 1.59, 0.69, 1.65, 1.06, 0.12, 0.48, 1.62, 0.63, 1.91, 0.67, -0.00, 0.48, 1.90, 0.72, 1.55, 7.9673, 7.3954, 0.8347, 5.0937, 7.8061, -0.0004, 5.8761, 7.2644, 1
510.4990, 0.77, 1.56, 0.67, 1.71, 1.04, 0.14, 0.48, 1.62, 0.63, 1.88, 0.65, -0.00, 0.48, 1.95, 0.72, 1.59, 7.8130, 7.4638, 0.9266, 5.0944, 7.7126, -0.0001, 6.0305, 7.4662, 1
513.4330, 0.75, 1.66, 0.69, 1.70, 1.06, 0.12, 0.48, 1.57, 0.63, 1.86, 0.67, -0.00, 0.48, 2.01, 0.72, 1.60, 8.0819, 7.6477, 0.8445, 4.9311, 7.6210, -0.0000, 6.2108, 7.4930, 1
516.3670, 0.74, 1.63, 0.67, 1.78, 1.08, 0.10, 0.48, 1.60, 0.63, 1.83, 0.69, -0.00, 0.47, 1.97, 0.72, 1.57, 7.8721, 7.8198, 0.7293, 5.0158, 7.4694, -0.0000, 6.0861, 7.3412, 1
519.3000, 0.74, 1.64, 0.67, 1.76, 1.06, 0.13, 0.48, 1.60, 0.63, 1.84, 0.67, -0.00, 0.48, 1.91, 0.72, 1.56, 7.9173, 7.6803, 0.9273, 5.0283, 7.5113, -0.0000, 5.9107, 7.3159, 1
522.2350, 0.74, 1.59, 0.67, 1.73, 1.04, 0.12, 0.48, 1.60, 0.63, 1.89, 0.65, -0.02, 0.48, 1.89, 0.72, 1.56, 7.6817, 7.5336, 0.8295, 5.0320, 7.7150, -0.0698, 5.8300, 7.3117, 1
525.1690, 0.76, 1.55, 0.69, 1.65, 1.02, 0.14, 0.48, 1.62, 0.63, 1.88, 0.66, -0.00, 0.48, 1.93, 0.72, 1.56, 7.6956, 7.4332, 0.9075, 5.0841, 7.6907, -0.0116, 5.9712, 7.3111, 1
528.1040, 0.75, 1.61, 0.71, 1.61, 0.99, 0.14, 0.48, 1.60, 0.63, 1.90, 0.65, 0.02, 0.48, 1.92, 0.72, 1.59, 7.8203, 7.4593, 0.9023, 5.0543, 7.7522, 0.0679, 5.9432, 7.4672, 1
531.0380, 0.76, 1.57, 0.74, 1.58, 0.97, 0.12, 0.48, 1.57, 0.63, 1.90, 0.66, 0.02, 0.48, 2.00, 0.72, 1.58, 7.8021, 7.5976, 0.7785, 4.9368, 7.7718, 0.0837, 6.1962, 7.4089, 1
533.9720, 0.77, 1.61, 0.72, 1.66, 0.94, 0.12, 0.48, 1.54, 0.63, 1.85, 0.69, 0.00, 0.48, 1.97, 0.72, 1.60, 8.0427, 7.8054, 0.7417, 4.8590, 7.5705, 0.0140, 6.0837, 7.4835, 1
536.9060, 0.77, 1.59, 0.70, 1.71, 0.92, 0.07, 0.48, 1.56, 0.63, 1.86, 0.71, -0.02, 0.48, 1.91, 0.72, 1.60, 7.9151, 7.7722, 0.4221, 4.8986, 7.6052, -0.0753, 5.9104, 7.4959, 1
539.8400, 0.77, 1.60, 0.67, 1.79, 0.90, 0.11, 0.48, 1.58, 0.63, 1.86, 0.74, -0.02, 0.48, 1.94, 0.72, 1.60, 7.9782, 7.8332, 0.6511, 4.9578, 7.5943, -0.0928, 5.9845, 7.4979, 1
542.7750, 0.77, 1.57, 0.67, 1.70, 0.87, 0.12, 0.48, 1.60, 0.63, 1.89, 0.76, 0.01, 0.48, 1.91, 0.72, 1.58, 7.8158, 7.3997, 0.6741, 5.0265, 7.7456, 0.0674, 5.8939, 7.4202, 1
545.7080, 0.79, 1.51, 0.69, 1.65, 0.89, 0.09, 0.48, 1.62, 0.63, 1.92, 0.74, -0.01, 0.48, 1.92, 0.72, 1.55, 7.7467, 7.4026, 0.4993, 5.0905, 7.8301, -0.0690, 5.9303, 7.2510, 1
548.6420, 0.77, 1.54, 0.71, 1.61, 0.91, 0.11, 0.48, 1.62, 0.63, 1.92, 0.72, -0.00, 0.48, 1.94, 0.72, 1.54, 7.6987, 7.4621, 0.6785, 5.0938, 7.8296, -0.0115, 5.9879, 7.2228, 1
551.5770, 0.75, 1.64, 0.70, 1.72, 0.93, 0.12, 0.48, 1.60, 0.63, 1.92, 0.74, -0.00, 0.48, 1.96, 0.72, 1.57, 7.9821, 7.7807, 0.7240, 5.0361, 7.8456, -0.0019, 6.0491, 7.3743, 1
554.5110, 0.74, 1.64, 0.69, 1.72, 0.96, 0.14, 0.48, 1.57, 0.63, 1.87, 0.76, -0.00, 0.48, 1.98, 0.72, 1.63, 7.9414, 7.7530, 0.8524, 4.9344, 7.6422, -0.0003, 6.1107, 7.6339, 1
557.4440, 0.74, 1.62, 0.67, 1.75, 0.94, 0.11, 0.48, 1.64, 0.63, 1.84, 0.74, -0.02, 0.48, 1.95, 0.72, 1.60, 7.8612, 7.6686, 0.6514, 5.1726, 7.5406, -0.0803, 6.0179, 7.5209, 1
560.3790, 0.74, 1.59, 0.67, 1.73, 0.96, 0.13, 0.48, 1.64, 0.63, 1.84, 0.76, -0.00, 0.48, 1.89, 0.72, 1.57, 7.6791, 7.5160, 0.8409, 5.1586, 7.5169, -0.0134, 5.8479, 7.3459, 1
563.3140, 0.74, 1.63, 0.69, 1.70, 0.98, 0.14, 0.48, 1.59, 0.63, 1.87, 0.74, -0.02, 0.48, 1.92, 0.72, 1.56, 7.8920, 7.6553, 0.8912, 5.0073, 7.6561, -0.0824, 5.9227, 7.3167, 1
566.2480, 0.74, 1.59, 0.71, 1.62, 1.01, 0.12, 0.48, 1.57, 0.63, 1.88, 0.72, -0.02, 0.48, 1.92, 0.72, 1.56, 7.6915, 7.5042, 0.8079, 4.9149, 7.6715, -0.0913, 5.9351, 7.3119, 1
569.1820, 0.72, 1.66, 0.70, 1.69, 0.99, 0.12, 0.48, 1.54, 0.63, 1.86, 0.74, -0.02, 0.48, 1.97, 0.72, 1.58, 7.8429, 7.6393, 0.7784, 4.8476, 7.6132, -0.0954, 6.0919, 7.3892, 1
572.1160, 0.72, 1.63, 0.67, 1.76, 0.97, 0.12, 0.48, 1.59, 0.63, 1.81, 0.72, -0.00, 0.48, 1.96, 0.72, 1.63, 7.6198, 7.7372, 0.7578, 5.0019, 7.3998, -0.0159, 6.0663, 7.6364, 1
575.0500, 0.72, 1.65, 0.67, 1.74, 0.99, 0.12, 0.48, 1.60, 0.63, 1.82, 0.74, -0.02, 0.48, 1.91, 0.72, 1.62, 7.7382, 7.6243, 0.7701, 5.0260, 7.4096, -0.0829, 5.9075, 7.6067, 1
577.9840, 0.72, 1.59, 0.69, 1.69, 0.97, 0.12, 0.48, 1.60, 0.63, 1.89, 0.76, -0.00, 0.48, 1.92, 0.72, 1.57, 7.4602, 7.5838, 0.7565, 5.0305, 7.7148, -0.0138, 5.9326, 7.3602, 1
580.9190, 0.74, 1.55, 0.69, 1.67, 0.98, 0.12, 0.48, 1.60, 0.63, 1.88, 0.74, -0.02, 0.48, 1.90, 0.72, 1.56, 7.4519, 7.5004, 0.7693, 5.0391, 7.6907, -0.0825, 5.8852, 7.3191, 1
583.8520, 0.72, 1.62, 0.71, 1.58, 1.01, 0.15, 0.48, 1.58, 0.63, 1.90, 0.72, -0.00, 0.48, 1.87, 0.72, 1.56, 7.6390, 7.3227, 1.0074, 4.9812, 7.7533, -0.0138, 5.7743, 7.3123, 1
586.7870, 0.70, 1.65, 0.70, 1.63, 1.03, 0.11, 0.48, 1.56, 0.63, 1.90, 0.70, -0.00, 0.48, 1.91, 0.72, 1.53, 7.5321, 7.4044, 0.7304, 4.9096, 7.7647, -0.0023, 5.9104, 7.1549, 1
589.7210, 0.72, 1.63, 0.71, 1.60, 1.02, 0.12, 0.48, 1.56, 0.63, 1.90, 0.67, 0.02, 0.48, 1.90, 0.74, 1.52, 7.5821, 7.4624, 0.7811, 4.9127, 7.7739, 0.0720, 5.8815, 7.3267, 1
592.6550, 0.70, 1.70, 0.70, 1.68, 1.03, 0.14, 0.48, 1.59, 0.63, 1.85, 0.69, 0.00, 0.48, 1.95, 0.74, 1.52, 7.7569, 7.6547, 0.9177, 5.0132, 7.5709, 0.0120, 6.0314, 7.3553, 1
595.5890, 0.70, 1.65, 0.67, 1.70, 1.06, 0.11, 0.48, 1.57, 0.63, 1.84, 0.71, 0.00, 0.48, 1.98, 0.74, 1.50, 7.4689, 7.4419, 0.7285, 4.9238, 7.5298, 0.0020, 6.1078, 7.2794, 1
598.5230, 0.69, 1.68, 0.65, 1.73, 1.08, 0.12, 0.48, 1.58, 0.63, 1.82, 0.74, 0.00, 0.48, 1.93, 0.74, 1.53, 7.5720, 7.3339, 0.8277, 4.9412, 7.4464, 0.0003, 5.9659, 7.4281, 1
601.4570, 0.69, 1.66, 0.63, 1.86, 1.06, 0.12, 0.48, 1.60, 0.63, 1.80, 0.72, 0.00, 0.48, 1.92, 0.74, 1.57, 7.5074, 7.5767, 0.8286, 5.0029, 7.3726, 0.0001, 5.9423, 7.6143, 1
604.3920, 0.69, 1.61, 0.62, 1.84, 1.08, 0.12, 0.48, 1.63, 0.63, 1.85, 0.74, 0.00, 0.48, 1.97, 0.74, 1.53, 7.2716, 7.4902, 0.8438, 5.1382, 7.5722, 0.0000, 6.0929, 7.4032, 1
607.3260, 0.71, 1.57, 0.62, 1.82, 1.06, 0.14, 0.48, 1.61, 0.63, 1.88, 0.76, -0.02, 0.48, 1.90, 0.74, 1.52, 7.2913, 7.4002, 0.9464, 5.0498, 7.6659, -0.0828, 5.8604, 7.3680, 1
610.2590, 0.70, 1.59, 0.62, 1.75, 1.04, 0.17, 0.48, 1.60, 0.63, 1.88, 0.74, -0.02, 0.48, 1.95, 0.74, 1.54, 7.2409, 7.1067, 1.1702, 5.0350, 7.6649, -0.0940, 6.0278, 7.4371, 1
613.1940, 0.71, 1.53, 0.64, 1.69, 1.02, 0.13, 0.48, 1.63, 0.63, 1.91, 0.72, -0.00, 0.48, 1.89, 0.74, 1.52, 7.1300, 7.0745, 0.8544, 5.1445, 7.8183, -0.0157, 5.8495, 7.3736, 1
616.1280, 0.74, 1.51, 0.66, 1.67, 1.03, 0.14, 0.48, 1.64, 0.63, 1.90, 0.70, 0.02, 0.48, 1.88, 0.74, 1.50, 7.2418, 7.1932, 0.9299, 5.1487, 7.7673, 0.0724, 5.8198, 7.2823, 1
619.0630, 0.72, 1.57, 0.69, 1.58, 1.02, 0.12, 0.48, 1.56, 0.63, 1.85, 0.67, 0.02, 0.48, 1.91, 0.76, 1.45, 7.3712, 7.0605, 0.8143, 4.9000, 7.5537, 0.0845, 5.9180, 7.2125, 1
621.9960, 0.74, 1.56, 0.71, 1.53, 1.03, 0.12, 0.48, 1.56, 0.63, 1.88, 0.69, 0.02, 0.48, 1.87, 0.77, 1.49, 7.5179, 7.0994, 0.8107, 4.9044, 7.6706, 0.0891, 5.7797, 7.4509, 1
624.9310, 0.74, 1.59, 0.70, 1.62, 1.06, 0.12, 0.48, 1.54, 0.63, 1.88, 0.67, 0.00, 0.48, 1.94, 0.77, 1.50, 7.7100, 7.3458, 0.8252, 4.8463, 7.6900, 0.0148, 6.0144, 7.4906, 1
627.8650, 0.74, 1.60, 0.67, 1.70, 1.04, 0.12, 0.48, 1.52, 0.63, 1.85, 0.69, 0.00, 0.48, 1.96, 0.77, 1.52, 7.7420, 7.4795, 0.8125, 4.7918, 7.5496, 0.0025, 6.0535, 7.5805, 1
630.7990, 0.74, 1.62, 0.65, 1.75, 1.02, 0.12, 0.48, 1.55, 0.63, 1.81, 0.71, 0.02, 0.48, 1.96, 0.77, 1.55, 7.8207, 7.4324, 0.7948, 4.8879, 7.3971, 0.0780, 6.0600, 7.7621, 1
633.7330, 0.74, 1.55, 0.63, 1.83, 0.99, 0.12, 0.48, 1.59, 0.65, 1.78, 0.69, -0.01, 0.48, 1.98, 0.77, 1.53, 7.5126, 7.4572, 0.7762, 5.0087, 7.5353, -0.0620, 6.1126, 7.6258, 1
636.6670, 0.74, 1.53, 0.62, 1.79, 1.01, 0.14, 0.48, 1.58, 0.65, 1.76, 0.71, -0.02, 0.48, 1.91, 0.77, 1.55, 7.3805, 7.2594, 0.8986, 4.9892, 7.4876, -0.0879, 5.9152, 7.7697, 1
639.6020, 0.76, 1.52, 0.64, 1.73, 1.03, 0.14, 0.48, 1.61, 0.65, 1.78, 0.69, 0.01, 0.48, 1.90, 0.77, 1.53, 7.5554, 7.2484, 0.9367, 5.0843, 7.5352, 0.0603, 5.8823, 7.6270, 1
642.5360, 0.77, 1.54, 0.67, 1.64, 1.06, 0.12, 0.48, 1.60, 0.65, 1.85, 0.67, 0.00, 0.48, 1.87, 0.77, 1.54, 7.6746, 7.0987, 0.8467, 5.0340, 7.8327, 0.0101, 5.7737, 7.6866, 1
645.4700, 0.75, 1.56, 0.69, 1.57, 1.04, 0.14, 0.48, 1.63, 0.65, 1.86, 0.65, 0.00, 0.48, 1.89, 0.77, 1.47, 7.5669, 7.0458, 0.9286, 5.1511, 7.8822, 0.0017, 5.8588, 7.3633, 1
