Voltage Range: 1.2, , ,,,,,1.2,-5.8
Voltage Step Size: 0.01, , ,,,,,1.2,-5.8
Voltage Read Count: 10, , ,,,,,1.18,-3.2
Volts_output,Volts Pixel 1,Current Pixel 1,,averages,,,1.15,-3.3
1.21,1.2118,-2.4,,1.2132,-4.8455,,1.15,-3.3
1.21,1.2164,-4.7,,1.2045,-4.8,,1.15,-1.7
1.21,1.2125,-4.9,,1.1932,-4.4545,,1.1,-1.8
1.21,1.2125,-5,,1.1841,-4.1909,,1.1,-1.8
1.21,1.2125,-5.1,,1.1731,-3.8636,,1.1,-0.6
1.21,1.2165,-5,,1.164,-3.5636,,1.06,-0.6
1.21,1.2165,-5,,1.1534,-3.3182,,1.06,-0.6
1.21,1.2125,-5,,1.1439,-3,,1,0.3
1.21,1.2125,-5,,1.1323,-2.7727,,1,0.3
1.21,1.2125,-5,,1.1243,-2.5,,1,0.2
1.21,1.2165,-5,,1.1137,-2.2727,,0.96,1
1.2,1.2045,-4.7,,1.1042,-2.0273,,0.96,0.9
1.2,1.2045,-4.6,,1.0925,-1.8182,,0.96,0.9
1.2,1.2045,-4.7,,1.0842,-1.6,,0.92,1.4
1.2,1.2045,-4.7,,1.0732,-1.3909,,0.9,1.3
1.2,1.2045,-4.7,,1.0641,-1.2,,0.9,1.3
1.2,1.2045,-4.7,,1.0532,-1,,0.9,1.7
1.2,1.2045,-4.7,,1.0441,-0.8,,0.86,1.6
1.2,1.2045,-4.6,,1.0346,-0.6182,,0.86,1.7
1.2,1.2045,-4.6,,1.024,-0.4545,,0.86,2.1
1.2,1.2045,-4.6,,1.0157,-0.2909,,0.8,2
1.2,1.2045,-4.6,,1.004,-0.1182,,0.8,2
1.19,1.1924,-4.3,,0.9953,0.0091,,0.75,2.2
1.19,1.1924,-4.3,,0.9854,0.1545,,0.75,2.2
1.19,1.1924,-4.3,,0.9752,0.3,,0.76,2.1
1.19,1.1924,-4.3,,0.9647,0.4091,,0.7,2.4
1.19,1.1924,-4.3,,0.9541,0.5182,,0.7,2.3
1.19,1.1924,-4.3,,0.9439,0.6455,,0.7,2.2
1.19,1.1924,-4.3,,0.9356,0.7545,,0.68,2.4
1.19,1.1924,-4.3,,0.9239,0.8636,,0.65,2.4
1.19,1.1924,-4.4,,0.9155,0.9545,,0.66,2.3
1.19,1.1964,-4.3,,0.9043,1.0455,,0.65,2.5
1.19,1.1924,-4.3,,0.8955,1.1182,,0.6,2.4
1.18,1.1844,-4,,0.8846,1.2091,,0.6,2.4
1.18,1.1844,-4,,0.8755,1.2818,,0.6,2.5
1.18,1.1844,-4.1,,0.8639,1.3636,,0.55,2.4
1.18,1.1844,-4.1,,0.854,1.4273,,0.55,2.4
1.18,1.1844,-4,,0.8439,1.5,,0.5,2.5
1.18,1.1804,-4.1,,0.834,1.5545,,0.5,2.4
1.18,1.1844,-4,,0.8238,1.6,,0.5,2.4
1.18,1.1844,-4.1,,0.8144,1.6818,,0.46,2.5
1.18,1.1844,-4,,0.8038,1.7273,,0.45,2.5
1.18,1.1844,-4,,0.7922,1.7909,,0.45,2.5
1.18,1.1844,-4,,0.7835,1.8091,,0.43,2.5
1.17,1.1724,-3.7,,0.7718,1.8818,,0.4,2.5
1.17,1.1724,-3.7,,0.7638,1.9182,,0.4,2.5
1.17,1.1724,-3.7,,0.7518,1.9545,,0.4,2.5
1.17,1.1724,-3.7,,0.7434,2.0091,,0.35,2.5
1.17,1.1724,-3.7,,0.7318,2.0273,,0.35,2.5
1.17,1.1724,-3.7,,0.7234,2.0636,,0.3,2.6
1.17,1.1724,-3.7,,0.7136,2.1091,,0.3,2.4
1.17,1.1724,-3.7,,0.7038,2.1182,,0.3,2.5
1.17,1.1764,-3.8,,0.6925,2.1909,,0.25,2.5
1.17,1.1724,-3.7,,0.6838,2.1909,,0.25,2.5
1.17,1.1724,-3.7,,0.6721,2.2,,0.25,2.6
1.16,1.1643,-3.4,,0.6638,2.2455,,0.21,2.5
1.16,1.1603,-3.5,,0.6518,2.2636,,0.2,2.5
1.16,1.1643,-3.4,,0.6438,2.2545,,0.2,2.5
1.16,1.1643,-3.4,,0.6318,2.2909,,0.18,2.6
1.16,1.1643,-3.5,,0.623,2.3091,,0.15,2.5
1.16,1.1643,-3.4,,0.6118,2.2909,,0.15,2.5
1.16,1.1643,-3.4,,0.6034,2.3273,,0.15,2.5
1.16,1.1643,-3.4,,0.5925,2.3182,,,
1.16,1.1643,-3.5,,0.5834,2.3182,,,
1.16,1.1643,-3.4,,0.5721,2.3364,,,
1.16,1.1643,-3.4,,0.5638,2.3818,,,
1.15,1.1523,-3.2,,0.5521,2.3909,,,
1.15,1.1523,-3.1,,0.5438,2.4182,,,
1.15,1.1563,-3.1,,0.5318,2.4,,,
1.15,1.1563,-3.2,,0.5234,2.4,,,
1.15,1.1523,-3.2,,0.5121,2.4182,,,
1.15,1.1563,-3.1,,0.5038,2.4273,,,
1.15,1.1563,-3.2,,0.4932,2.4273,,,
1.15,1.1523,-3.2,,0.4838,2.4636,,,
1.15,1.1523,-3.2,,0.4728,2.4455,,,
1.15,1.1563,-3.1,,0.4634,2.4273,,,
1.15,1.1523,-3.2,,0.4528,2.4727,,,
1.14,1.1443,-2.9,,0.4434,2.4818,,,
1.14,1.1443,-2.9,,0.4318,2.4909,,,
1.14,1.1443,-2.9,,0.4234,2.4818,,,
1.14,1.1443,-2.9,,0.4121,2.4818,,,
1.14,1.1443,-2.9,,0.4037,2.4909,,,
1.14,1.1443,-2.9,,0.3921,2.5,,,
1.14,1.1443,-2.9,,0.3816,2.5,,,
1.14,1.1443,-2.9,,0.3718,2.5091,,,
1.14,1.1403,-2.9,,0.3608,2.5,,,
1.14,1.1443,-2.9,,0.3517,2.5,,,
1.14,1.1443,-2.9,,0.3405,2.5,,,
1.13,1.1323,-2.6,,0.3317,2.5091,,,
1.13,1.1323,-2.7,,0.3227,2.5182,,,
1.13,1.1323,-2.6,,0.3117,2.5091,,,
1.13,1.1363,-2.6,,0.3027,2.5,,,
1.13,1.1363,-2.7,,0.2918,2.5,,,
1.13,1.1323,-2.7,,0.2827,2.5273,,,
1.13,1.1323,-2.7,,0.2717,2.5182,,,
1.13,1.1323,-2.7,,0.2608,2.5091,,,
1.13,1.1363,-2.6,,0.2517,2.5091,,,
1.13,1.1323,-2.7,,0.2416,2.5,,,
1.13,1.1323,-2.6,,0.2317,2.5364,,,
1.12,1.1242,-2.3,,0.2219,2.5091,,,
1.12,1.1242,-2.4,,0.2117,2.5273,,,
1.12,1.1242,-2.3,,0.2023,2.5182,,,
1.12,1.1242,-2.4,,0.1917,2.5364,,,
1.12,1.1202,-2.4,,0.1834,2.5364,,,
1.12,1.1242,-2.4,,0.1721,2.5364,,,
1.12,1.1242,-2.4,,0.1634,2.5091,,,
1.12,1.1242,-2.4,,0.1528,2.5273,,,
1.12,1.1242,-2.4,,0.1427,2.5545,,,
1.12,1.1242,-2.4,,0.1321,2.5545,,,
1.12,1.1242,-2.4,,0.1227,2.5545,,,
1.11,1.1162,-2.2,,0.1128,2.5273,,,
1.11,1.1162,-2.2,,0.1034,2.5273,,,
1.11,1.1162,-2.1,,0.0921,2.5545,,,
1.11,1.1162,-2.1,,0.0827,2.5455,,,
1.11,1.1162,-2.1,,0.0717,2.5545,,,
1.11,1.1162,-2.2,,0.0637,2.5545,,,
1.11,1.1162,-2.1,,0.055,2.5455,,,
1.11,1.1122,-2.2,,0.0554,2.5455,,,
1.11,1.1122,-2.2,,0.0557,2.5455,,,
1.11,1.1162,-2.1,,0.0557,2.5455,,,
1.11,1.1162,-2.2,,0.0557,2.5364,,,
1.1,1.1042,-1.9,,0.0579,2.5273,,,
1.1,1.1042,-1.9,,0.0579,2.5182,,,
1.1,1.1042,-1.9,,0.0568,2.5364,,,
1.1,1.1042,-1.9,,0.0557,2.5182,,,
1.1,1.1042,-1.9,,0.0557,2.5455,,,
1.1,1.1042,-1.9,,0.055,2.5545,,,
1.1,1.1042,-1.9,,0.0536,2.5364,,,
1.1,1.1042,-1.9,,0.0634,2.5545,,,
1.1,1.1042,-1.9,,0.0717,2.5,,,
1.1,1.1042,-1.9,,0.0837,2.5182,,,
1.1,1.1042,-1.9,,0.0921,2.5364,,,
1.09,1.0962,-1.7,,0.1037,2.5273,,,
1.09,1.0962,-1.6,,0.1121,2.5091,,,
1.09,1.0962,-1.7,,0.1223,2.5182,,,
1.09,1.0922,-1.6,,0.1321,2.5182,,,
1.09,1.0962,-1.7,,0.1427,2.5273,,,
1.09,1.0922,-1.7,,0.1521,2.5091,,,
1.09,1.0962,-1.7,,0.163,2.5091,,,
1.09,1.0922,-1.7,,0.1717,2.4909,,,
1.09,1.0962,-1.6,,0.183,2.4909,,,
1.09,1.0922,-1.6,,0.1917,2.5,,,
1.09,1.0922,-1.7,,0.203,2.5091,,,
1.08,1.0842,-1.4,,0.2118,2.5,,,
1.08,1.0841,-1.5,,0.2227,2.5,,,
1.08,1.0842,-1.5,,0.2321,2.4909,,,
1.08,1.0842,-1.4,,0.2416,2.4909,,,
1.08,1.0842,-1.5,,0.2518,2.5,,,
1.08,1.0842,-1.4,,0.2623,2.5,,,
1.08,1.0842,-1.5,,0.2718,2.5,,,
1.08,1.0842,-1.5,,0.283,2.4636,,,
1.08,1.0842,-1.5,,0.2918,2.4818,,,
1.08,1.0842,-1.5,,0.303,2.4818,,,
1.08,1.0842,-1.4,,0.3117,2.4818,,,
1.07,1.0721,-1.3,,0.3219,2.4545,,,
1.07,1.0721,-1.3,,0.3317,2.5,,,
1.07,1.0761,-1.3,,0.3416,2.4727,,,
1.07,1.0761,-1.2,,0.3518,2.4545,,,
1.07,1.0721,-1.2,,0.3601,2.4818,,,
1.07,1.0761,-1.3,,0.3718,2.4455,,,
1.07,1.0721,-1.2,,0.3819,2.4455,,,
1.07,1.0761,-1.2,,0.3918,2.4545,,,
1.07,1.0721,-1.2,,0.403,2.4273,,,
1.07,1.0761,-1.2,,0.4118,2.4091,,,
1.07,1.0721,-1.2,,0.4234,2.4273,,,
1.06,1.0641,-1,,0.4325,2.4455,,,
1.06,1.0641,-1.1,,0.4427,2.4182,,,
1.06,1.0641,-1,,0.4525,2.4182,,,
1.06,1.0641,-1.1,,0.4638,2.3909,,,
1.06,1.0641,-1,,0.4732,2.4,,,
1.06,1.0641,-1,,0.4834,2.3818,,,
1.06,1.0641,-1,,0.4929,2.4091,,,
1.06,1.0641,-1.1,,0.5034,2.4,,,
1.06,1.0641,-1.1,,0.5121,2.3727,,,
1.06,1.0641,-1.1,,0.5238,2.3909,,,
1.06,1.0641,-1,,0.5318,2.3818,,,
1.05,1.0521,-0.9,,0.5434,2.3636,,,
1.05,1.0561,-0.9,,0.5525,2.3727,,,
1.05,1.0521,-0.8,,0.5627,2.3091,,,
1.05,1.0521,-0.8,,0.5725,2.3273,,,
1.05,1.0521,-0.9,,0.5834,2.3182,,,
1.05,1.0521,-0.8,,0.5921,2.3,,,
1.05,1.0561,-0.8,,0.6038,2.3,,,
1.05,1.0521,-0.8,,0.6118,2.3091,,,
1.05,1.0561,-0.9,,0.623,2.3,,,
1.05,1.0521,-0.9,,0.6318,2.2818,,,
1.05,1.0521,-0.8,,0.6438,2.2727,,,
1.04,1.0441,-0.6,,0.6521,2.2636,,,
1.04,1.0441,-0.6,,0.6634,2.2455,,,
1.04,1.0441,-0.7,,0.6721,2.2364,,,
1.04,1.0441,-0.7,,0.6834,2.2,,,
1.04,1.0441,-0.7,,0.6932,2.2,,,
1.04,1.0441,-0.7,,0.7031,2.1727,,,
1.04,1.0441,-0.6,,0.7129,2.1364,,,
1.04,1.0441,-0.7,,0.7231,2.1091,,,
1.04,1.0441,-0.6,,0.7325,2.1,,,
1.04,1.0441,-0.7,,0.7434,2.0727,,,
1.04,1.0441,-0.7,,0.7522,2.0273,,,
1.03,1.036,-0.5,,0.7638,1.9818,,,
1.03,1.036,-0.5,,0.7718,1.9455,,,
1.03,1.036,-0.5,,0.7834,1.9273,,,
1.03,1.036,-0.4,,0.794,1.8818,,,
1.03,1.036,-0.6,,0.8035,1.8182,,,
1.03,1.036,-0.5,,0.8144,1.7727,,,
1.03,1.0361,-0.5,,0.8238,1.7,,,
1.03,1.036,-0.5,,0.8333,1.6455,,,
1.03,1.036,-0.5,,0.8438,1.5909,,,
1.03,1.036,-0.5,,0.8544,1.5273,,,
1.03,1.0321,-0.5,,0.8639,1.4364,,,
1.02,1.024,-0.3,,0.8744,1.3727,,,
1.02,1.024,-0.3,,0.8839,1.3,,,
1.02,1.024,-0.3,,0.8951,1.2182,,,
1.02,1.024,-0.3,,0.9042,1.1636,,,
1.02,1.024,-0.3,,0.9159,1.0455,,,
1.02,1.024,-0.3,,0.9239,0.9818,,,
1.02,1.024,-0.3,,0.9359,0.8545,,,
1.02,1.024,-0.3,,0.9439,0.7364,,,
1.02,1.024,-0.3,,0.9556,0.6364,,,
1.02,1.024,-0.4,,0.964,0.5,,,
1.02,1.024,-0.3,,0.9752,0.4,,,
1.01,1.016,-0.2,,0.984,0.2091,,,
1.01,1.016,-0.2,,0.9956,0.1,,,
1.01,1.012,-0.2,,1.004,-0.0545,,,
1.01,1.012,-0.1,,1.0149,-0.2273,,,
1.01,1.016,-0.2,,1.024,-0.4,,,
1.01,1.016,-0.2,,1.035,-0.6,,,
1.01,1.016,-0.2,,1.0441,-0.7818,,,
1.01,1.012,-0.2,,1.0543,-0.9545,,,
1.01,1.016,-0.2,,1.0641,-1.1545,,,
1.01,1.016,-0.1,,1.0732,-1.3818,,,
1.01,1.016,-0.2,,1.0842,-1.6182,,,
1,1.004,,,1.094,-1.8182,,,
1,1.004,,,1.1035,-2.0636,,,
1,1.004,,,1.1148,-2.3182,,,
1,1.004,,,1.1239,-2.5636,,,
1,1.004,,,1.133,-2.8273,,,
1,1.004,,,1.1443,-3.1,,,
1,1.004,,,1.1534,-3.3727,,,
1,1.004,,,1.164,-3.6636,,,
1,1.004,,,1.1724,-3.9364,,,
1,1.004,,,1.1844,-4.2636,,,
1,1.004,,,1.1925,-4.5364,,,
0.99,0.996,0.1,,,,,,
0.99,0.996,0.1,,,,,,
0.99,0.996,0.1,,,,,,
0.99,0.992,0.1,,,,,,
0.99,0.996,0.1,,,,,,
0.99,0.992,0.1,,,,,,
0.99,0.996,0.1,,,,,,
0.99,0.996,0.1,,,,,,
0.99,0.996,0.1,,,,,,
0.99,0.996,0.1,,,,,,
0.99,0.996,0.1,,,,,,
0.98,0.988,0.2,,,,,,
0.98,0.988,0.2,,,,,,
0.98,0.988,0.2,,,,,,
0.98,0.984,0.2,,,,,,
0.98,0.984,0.2,,,,,,
0.98,0.984,0.3,,,,,,
0.98,0.984,0.3,,,,,,
0.98,0.984,0.3,,,,,,
0.98,0.984,0.2,,,,,,
0.98,0.984,0.3,,,,,,
0.98,0.988,0.2,,,,,,
0.97,0.976,0.4,,,,,,
0.97,0.976,0.5,,,,,,
0.97,0.976,0.4,,,,,,
0.97,0.976,0.4,,,,,,
0.97,0.976,0.4,,,,,,
0.97,0.976,0.4,,,,,,
0.97,0.976,0.4,,,,,,
0.97,0.976,0.4,,,,,,
0.97,0.976,0.4,,,,,,
0.97,0.976,0.4,,,,,,
0.97,0.972,0.4,,,,,,
0.96,0.964,0.5,,,,,,
0.96,0.968,0.5,,,,,,
0.96,0.964,0.5,,,,,,
0.96,0.964,0.5,,,,,,
0.96,0.964,0.5,,,,,,
0.96,0.964,0.5,,,,,,
0.96,0.964,0.5,,,,,,
0.96,0.964,0.5,,,,,,
0.96,0.9639,0.5,,,,,,
0.96,0.964,0.5,,,,,,
0.96,0.964,0.5,,,,,,
0.95,0.9559,0.7,,,,,,
0.95,0.9519,0.6,,,,,,
0.95,0.9559,0.6,,,,,,
0.95,0.9559,0.6,,,,,,
0.95,0.9559,0.6,,,,,,
0.95,0.9559,0.6,,,,,,
0.95,0.9559,0.6,,,,,,
0.95,0.9559,0.6,,,,,,
0.95,0.9559,0.6,,,,,,
0.95,0.9519,0.6,,,,,,
0.95,0.9559,0.6,,,,,,
0.94,0.9439,0.7,,,,,,
0.94,0.9439,0.7,,,,,,
0.94,0.9439,0.7,,,,,,
0.94,0.9439,0.8,,,,,,
0.94,0.9439,0.7,,,,,,
0.94,0.9439,0.7,,,,,,
0.94,0.9439,0.8,,,,,,
0.94,0.9439,0.7,,,,,,
0.94,0.9439,0.8,,,,,,
0.94,0.9439,0.8,,,,,,
0.94,0.9439,0.7,,,,,,
0.93,0.9359,0.9,,,,,,
0.93,0.9359,0.9,,,,,,
0.93,0.9359,0.8,,,,,,
0.93,0.9359,0.8,,,,,,
0.93,0.9359,0.8,,,,,,
0.93,0.9359,0.9,,,,,,
0.93,0.9359,0.8,,,,,,
0.93,0.9359,0.8,,,,,,
0.93,0.9359,0.8,,,,,,
0.93,0.9359,0.8,,,,,,
0.93,0.9359,0.8,,,,,,
0.92,0.9239,0.9,,,,,,
0.92,0.9239,0.9,,,,,,
0.92,0.9239,1,,,,,,
0.92,0.9239,1,,,,,,
0.92,0.9239,0.9,,,,,,
0.92,0.9239,0.9,,,,,,
0.92,0.9279,0.9,,,,,,
0.92,0.9239,0.9,,,,,,
0.92,0.9239,1,,,,,,
0.92,0.9239,1,,,,,,
0.92,0.9239,0.9,,,,,,
0.91,0.9159,1,,,,,,
0.91,0.9159,1.1,,,,,,
0.91,0.9159,1,,,,,,
0.91,0.9159,1,,,,,,
0.91,0.9159,1,,,,,,
0.91,0.9159,1,,,,,,
0.91,0.9159,1,,,,,,
0.91,0.9159,1,,,,,,
0.91,0.9159,1,,,,,,
0.91,0.9159,1,,,,,,
0.91,0.9159,1,,,,,,
0.9,0.9039,1.1,,,,,,
0.9,0.9039,1.1,,,,,,
0.9,0.9039,1.1,,,,,,
0.9,0.9039,1.1,,,,,,
0.9,0.9039,1.1,,,,,,
0.9,0.9039,1.1,,,,,,
0.9,0.9039,1.1,,,,,,
0.9,0.9039,1.2,,,,,,
0.9,0.9039,1.1,,,,,,
0.9,0.9039,1.2,,,,,,
0.9,0.9039,1.1,,,,,,
0.89,0.8959,1.2,,,,,,
0.89,0.8959,1.2,,,,,,
0.89,0.8919,1.1,,,,,,
0.89,0.8959,1.2,,,,,,
0.89,0.8959,1.2,,,,,,
0.89,0.8959,1.2,,,,,,
0.89,0.8959,1.2,,,,,,
0.89,0.8959,1.2,,,,,,
0.89,0.8959,1.2,,,,,,
0.89,0.8959,1.2,,,,,,
0.89,0.8919,1.2,,,,,,
0.88,0.8839,1.3,,,,,,
0.88,0.8839,1.3,,,,,,
0.88,0.8839,1.3,,,,,,
0.88,0.8839,1.3,,,,,,
0.88,0.8879,1.3,,,,,,
0.88,0.8839,1.2,,,,,,
0.88,0.8839,1.3,,,,,,
0.88,0.8839,1.3,,,,,,
0.88,0.8839,1.3,,,,,,
0.88,0.8839,1.2,,,,,,
0.88,0.8839,1.3,,,,,,
0.87,0.8759,1.3,,,,,,
0.87,0.8759,1.3,,,,,,
0.87,0.8759,1.3,,,,,,
0.87,0.8759,1.3,,,,,,
0.87,0.8759,1.4,,,,,,
0.87,0.8719,1.3,,,,,,
0.87,0.8759,1.4,,,,,,
0.87,0.8719,1.3,,,,,,
0.87,0.8759,1.3,,,,,,
0.87,0.8759,1.4,,,,,,
0.87,0.8719,1.3,,,,,,
0.86,0.8639,1.4,,,,,,
0.86,0.8639,1.4,,,,,,
0.86,0.8639,1.4,,,,,,
0.86,0.8639,1.4,,,,,,
0.86,0.8639,1.4,,,,,,
0.86,0.8639,1.4,,,,,,
0.86,0.8639,1.4,,,,,,
0.86,0.8639,1.4,,,,,,
0.86,0.8639,1.4,,,,,,
0.86,0.8639,1.4,,,,,,
0.86,0.8639,1.4,,,,,,
0.85,0.8559,1.5,,,,,,
0.85,0.8519,1.5,,,,,,
0.85,0.8559,1.5,,,,,,
0.85,0.8559,1.5,,,,,,
0.85,0.8519,1.5,,,,,,
0.85,0.8559,1.5,,,,,,
0.85,0.8519,1.5,,,,,,
0.85,0.8519,1.5,,,,,,
0.85,0.8559,1.5,,,,,,
0.85,0.8559,1.4,,,,,,
0.85,0.8519,1.5,,,,,,
0.84,0.8438,1.5,,,,,,
0.84,0.8438,1.6,,,,,,
0.84,0.8438,1.5,,,,,,
0.84,0.8438,1.5,,,,,,
0.84,0.8439,1.5,,,,,,
0.84,0.8439,1.6,,,,,,
0.84,0.8438,1.5,,,,,,
0.84,0.8438,1.6,,,,,,
0.84,0.8438,1.6,,,,,,
0.84,0.8439,1.5,,,,,,
0.84,0.8439,1.5,,,,,,
0.83,0.8318,1.6,,,,,,
0.83,0.8358,1.6,,,,,,
0.83,0.8358,1.6,,,,,,
0.83,0.8358,1.7,,,,,,
0.83,0.8358,1.6,,,,,,
0.83,0.8318,1.6,,,,,,
0.83,0.8318,1.6,,,,,,
0.83,0.8359,1.7,,,,,,
0.83,0.8358,1.6,,,,,,
0.83,0.8358,1.6,,,,,,
0.83,0.8358,1.6,,,,,,
0.82,0.8238,1.7,,,,,,
0.82,0.8238,1.7,,,,,,
0.82,0.8238,1.7,,,,,,
0.82,0.8238,1.7,,,,,,
0.82,0.8238,1.7,,,,,,
0.82,0.8238,1.7,,,,,,
0.82,0.8238,1.6,,,,,,
0.82,0.8238,1.7,,,,,,
0.82,0.8238,1.7,,,,,,
0.82,0.8238,1.7,,,,,,
0.82,0.8238,1.7,,,,,,
0.81,0.8158,1.7,,,,,,
0.81,0.8158,1.7,,,,,,
0.81,0.8118,1.8,,,,,,
0.81,0.8118,1.7,,,,,,
0.81,0.8158,1.7,,,,,,
0.81,0.8118,1.7,,,,,,
0.81,0.8158,1.8,,,,,,
0.81,0.8158,1.7,,,,,,
0.81,0.8118,1.7,,,,,,
0.81,0.8158,1.7,,,,,,
0.81,0.8158,1.7,,,,,,
0.8,0.8038,1.7,,,,,,
0.8,0.8038,1.8,,,,,,
0.8,0.8038,1.8,,,,,,
0.8,0.8038,1.8,,,,,,
0.8,0.8038,1.8,,,,,,
0.8,0.8038,1.8,,,,,,
0.8,0.7998,1.8,,,,,,
0.8,0.8038,1.7,,,,,,
0.8,0.8038,1.8,,,,,,
0.8,0.8038,1.8,,,,,,
0.8,0.8038,1.8,,,,,,
0.79,0.7958,1.8,,,,,,
0.79,0.7918,1.9,,,,,,
0.79,0.7918,1.8,,,,,,
0.79,0.7918,1.8,,,,,,
0.79,0.7918,1.8,,,,,,
0.79,0.7958,1.8,,,,,,
0.79,0.7918,1.8,,,,,,
0.79,0.7918,1.8,,,,,,
0.79,0.7918,1.8,,,,,,
0.79,0.7958,1.8,,,,,,
0.79,0.7958,1.8,,,,,,
0.78,0.7838,1.9,,,,,,
0.78,0.7838,1.9,,,,,,
0.78,0.7838,1.9,,,,,,
0.78,0.7838,1.9,,,,,,
0.78,0.7838,1.9,,,,,,
0.78,0.7838,1.9,,,,,,
0.78,0.7838,1.9,,,,,,
0.78,0.7838,1.8,,,,,,
0.78,0.7838,1.9,,,,,,
0.78,0.7838,1.9,,,,,,
0.78,0.7838,1.9,,,,,,
0.77,0.7718,1.9,,,,,,
0.77,0.7758,2,,,,,,
0.77,0.7758,1.9,,,,,,
0.77,0.7718,1.9,,,,,,
0.77,0.7718,1.9,,,,,,
0.77,0.7718,1.9,,,,,,
0.77,0.7718,1.9,,,,,,
0.77,0.7718,1.9,,,,,,
0.77,0.7718,1.9,,,,,,
0.77,0.7718,2,,,,,,
0.77,0.7718,1.9,,,,,,
0.76,0.7638,1.9,,,,,,
0.76,0.7638,2,,,,,,
0.76,0.7638,2,,,,,,
0.76,0.7638,1.9,,,,,,
0.76,0.7638,1.9,,,,,,
0.76,0.7638,2,,,,,,
0.76,0.7638,1.9,,,,,,
0.76,0.7638,2,,,,,,
0.76,0.7638,2,,,,,,
0.76,0.7638,2,,,,,,
0.76,0.7638,2,,,,,,
0.75,0.7518,2,,,,,,
0.75,0.7518,2,,,,,,
0.75,0.7518,2.1,,,,,,
0.75,0.7518,2,,,,,,
0.75,0.7518,2,,,,,,
0.75,0.7518,2,,,,,,
0.75,0.7518,2,,,,,,
0.75,0.7518,2,,,,,,
0.75,0.7558,2,,,,,,
0.75,0.7518,2,,,,,,
0.75,0.7518,1.9,,,,,,
0.74,0.7398,2,,,,,,
0.74,0.7438,2,,,,,,
0.74,0.7438,2,,,,,,
0.74,0.7438,2.1,,,,,,
0.74,0.7438,2,,,,,,
0.74,0.7438,2,,,,,,
0.74,0.7438,2.1,,,,,,
0.74,0.7438,2.1,,,,,,
0.74,0.7438,2,,,,,,
0.74,0.7438,2.1,,,,,,
0.74,0.7438,2,,,,,,
0.73,0.7318,2,,,,,,
0.73,0.7318,2,,,,,,
0.73,0.7318,2,,,,,,
0.73,0.7318,2.1,,,,,,
0.73,0.7318,2.1,,,,,,
0.73,0.7318,2.1,,,,,,
0.73,0.7318,2,,,,,,
0.73,0.7318,2.1,,,,,,
0.73,0.7318,2.1,,,,,,
0.73,0.7318,2.1,,,,,,
0.73,0.7318,2.1,,,,,,
0.72,0.7238,2.1,,,,,,
0.72,0.7238,2.1,,,,,,
0.72,0.7238,2.1,,,,,,
0.72,0.7238,2.1,,,,,,
0.72,0.7238,2.1,,,,,,
0.72,0.7238,2.1,,,,,,
0.72,0.7238,2.1,,,,,,
0.72,0.7238,2,,,,,,
0.72,0.7238,2.1,,,,,,
0.72,0.7238,2.1,,,,,,
0.72,0.7238,2.1,,,,,,
0.71,0.7118,2.1,,,,,,
0.71,0.7158,2.1,,,,,,
0.71,0.7118,2.1,,,,,,
0.71,0.7118,2.1,,,,,,
0.71,0.7158,2.1,,,,,,
0.71,0.7158,2.1,,,,,,
0.71,0.7118,2.2,,,,,,
0.71,0.7158,2.1,,,,,,
0.71,0.7158,2.2,,,,,,
0.71,0.7158,2.2,,,,,,
0.71,0.7158,2.1,,,,,,
0.7,0.6998,2.2,,,,,,
0.7,0.7038,2.2,,,,,,
0.7,0.7038,2.2,,,,,,
0.7,0.7038,2.2,,,,,,
0.7,0.7038,2.2,,,,,,
0.7,0.7038,2.1,,,,,,
0.7,0.7038,2.1,,,,,,
0.7,0.7038,2.2,,,,,,
0.7,0.7038,2.1,,,,,,
0.7,0.7038,2.2,,,,,,
0.7,0.7038,2.2,,,,,,
0.69,0.6918,2.2,,,,,,
0.69,0.6918,2.2,,,,,,
0.69,0.6958,2.1,,,,,,
0.69,0.6918,2.1,,,,,,
0.69,0.6918,2.2,,,,,,
0.69,0.6918,2.2,,,,,,
0.69,0.6918,2.2,,,,,,
0.69,0.6918,2.2,,,,,,
0.69,0.6918,2.2,,,,,,
0.69,0.6918,2.2,,,,,,
0.69,0.6918,2.2,,,,,,
0.68,0.6838,2.2,,,,,,
0.68,0.6798,2.2,,,,,,
0.68,0.6838,2.2,,,,,,
0.68,0.6838,2.2,,,,,,
0.68,0.6838,2.2,,,,,,
0.68,0.6838,2.2,,,,,,
0.68,0.6838,2.2,,,,,,
0.68,0.6838,2.2,,,,,,
0.68,0.6838,2.3,,,,,,
0.68,0.6838,2.2,,,,,,
0.68,0.6838,2.2,,,,,,
0.67,0.6718,2.3,,,,,,
0.67,0.6718,2.2,,,,,,
0.67,0.6758,2.2,,,,,,
0.67,0.6718,2.2,,,,,,
0.67,0.6718,2.2,,,,,,
0.67,0.6718,2.3,,,,,,
0.67,0.6718,2.2,,,,,,
0.67,0.6718,2.3,,,,,,
0.67,0.6718,2.3,,,,,,
0.67,0.6718,2.2,,,,,,
0.67,0.6718,2.2,,,,,,
0.66,0.6638,2.3,,,,,,
0.66,0.6638,2.3,,,,,,
0.66,0.6638,2.3,,,,,,
0.66,0.6638,2.3,,,,,,
0.66,0.6638,2.3,,,,,,
0.66,0.6638,2.2,,,,,,
0.66,0.6638,2.3,,,,,,
0.66,0.6638,2.3,,,,,,
0.66,0.6638,2.3,,,,,,
0.66,0.6638,2.2,,,,,,
0.66,0.6638,2.2,,,,,,
0.65,0.6518,2.3,,,,,,
0.65,0.6518,2.3,,,,,,
0.65,0.6518,2.3,,,,,,
0.65,0.6518,2.3,,,,,,
0.65,0.6518,2.3,,,,,,
0.65,0.6518,2.3,,,,,,
0.65,0.6518,2.3,,,,,,
0.65,0.6518,2.3,,,,,,
0.65,0.6518,2.3,,,,,,
0.65,0.6518,2.3,,,,,,
0.65,0.6518,2.3,,,,,,
0.64,0.6438,2.3,,,,,,
0.64,0.6438,2.3,,,,,,
0.64,0.6438,2.4,,,,,,
0.64,0.6438,2.3,,,,,,
0.64,0.6438,2.3,,,,,,
0.64,0.6438,2.3,,,,,,
0.64,0.6438,2.3,,,,,,
0.64,0.6438,2.3,,,,,,
0.64,0.6438,2.3,,,,,,
0.64,0.6398,2.3,,,,,,
0.64,0.6438,2.3,,,,,,
0.63,0.6318,2.3,,,,,,
0.63,0.6318,2.3,,,,,,
0.63,0.6318,2.3,,,,,,
0.63,0.6318,2.3,,,,,,
0.63,0.6318,2.3,,,,,,
0.63,0.6318,2.3,,,,,,
0.63,0.6318,2.3,,,,,,
0.63,0.6318,2.3,,,,,,
0.63,0.6318,2.3,,,,,,
0.63,0.6318,2.3,,,,,,
0.63,0.6318,2.3,,,,,,
0.62,0.6198,2.3,,,,,,
0.62,0.6238,2.3,,,,,,
0.62,0.6238,2.3,,,,,,
0.62,0.6198,2.3,,,,,,
0.62,0.6238,2.3,,,,,,
0.62,0.6238,2.4,,,,,,
0.62,0.6238,2.3,,,,,,
0.62,0.6198,2.3,,,,,,
0.62,0.6238,2.3,,,,,,
0.62,0.6238,2.3,,,,,,
0.62,0.6198,2.3,,,,,,
0.61,0.6118,2.3,,,,,,
0.61,0.6118,2.3,,,,,,
0.61,0.6118,2.4,,,,,,
0.61,0.6118,2.3,,,,,,
0.61,0.6118,2.3,,,,,,
0.61,0.6118,2.3,,,,,,
0.61,0.6118,2.3,,,,,,
0.61,0.6118,2.3,,,,,,
0.61,0.6118,2.3,,,,,,
0.61,0.6118,2.4,,,,,,
0.61,0.6118,2.3,,,,,,
0.6,0.6038,2.4,,,,,,
0.6,0.6038,2.3,,,,,,
0.6,0.6038,2.4,,,,,,
0.6,0.6038,2.4,,,,,,
0.6,0.6038,2.3,,,,,,
0.6,0.6038,2.4,,,,,,
0.6,0.6038,2.4,,,,,,
0.6,0.6038,2.3,,,,,,
0.6,0.6038,2.4,,,,,,
0.6,0.5998,2.4,,,,,,
0.6,0.6038,2.3,,,,,,
0.59,0.5918,2.4,,,,,,
0.59,0.5918,2.4,,,,,,
0.59,0.5918,2.4,,,,,,
0.59,0.5918,2.4,,,,,,
0.59,0.5918,2.3,,,,,,
0.59,0.5918,2.4,,,,,,
0.59,0.5918,2.4,,,,,,
0.59,0.5918,2.4,,,,,,
0.59,0.5918,2.3,,,,,,
0.59,0.5918,2.4,,,,,,
0.59,0.5918,2.3,,,,,,
0.58,0.5838,2.4,,,,,,
0.58,0.5838,2.4,,,,,,
0.58,0.5838,2.4,,,,,,
0.58,0.5838,2.3,,,,,,
0.58,0.5798,2.4,,,,,,
0.58,0.5838,2.4,,,,,,
0.58,0.5838,2.4,,,,,,
0.58,0.5838,2.4,,,,,,
0.58,0.5838,2.4,,,,,,
0.58,0.5838,2.3,,,,,,
0.58,0.5838,2.4,,,,,,
0.57,0.5758,2.4,,,,,,
0.57,0.5718,2.4,,,,,,
0.57,0.5758,2.4,,,,,,
0.57,0.5718,2.4,,,,,,
0.57,0.5718,2.4,,,,,,
0.57,0.5758,2.4,,,,,,
0.57,0.5718,2.3,,,,,,
0.57,0.5718,2.4,,,,,,
0.57,0.5718,2.4,,,,,,
0.57,0.5718,2.4,,,,,,
0.57,0.5718,2.4,,,,,,
0.56,0.5638,2.3,,,,,,
0.56,0.5638,2.4,,,,,,
0.56,0.5638,2.4,,,,,,
0.56,0.5598,2.4,,,,,,
0.56,0.5638,2.4,,,,,,
0.56,0.5638,2.4,,,,,,
0.56,0.5598,2.4,,,,,,
0.56,0.5598,2.4,,,,,,
0.56,0.5638,2.3,,,,,,
0.56,0.5638,2.4,,,,,,
0.56,0.5638,2.4,,,,,,
0.55,0.5518,2.4,,,,,,
0.55,0.5518,2.5,,,,,,
0.55,0.5518,2.4,,,,,,
0.55,0.5518,2.4,,,,,,
0.55,0.5518,2.4,,,,,,
0.55,0.5518,2.3,,,,,,
0.55,0.5518,2.4,,,,,,
0.55,0.5558,2.4,,,,,,
0.55,0.5518,2.4,,,,,,
0.55,0.5558,2.4,,,,,,
0.55,0.5518,2.4,,,,,,
0.54,0.5438,2.4,,,,,,
0.54,0.5438,2.4,,,,,,
0.54,0.5438,2.5,,,,,,
0.54,0.5438,2.4,,,,,,
0.54,0.5438,2.4,,,,,,
0.54,0.5438,2.4,,,,,,
0.54,0.5438,2.4,,,,,,
0.54,0.5438,2.4,,,,,,
0.54,0.5438,2.4,,,,,,
0.54,0.5438,2.4,,,,,,
0.54,0.5438,2.4,,,,,,
0.53,0.5318,2.4,,,,,,
0.53,0.5318,2.4,,,,,,
0.53,0.5318,2.4,,,,,,
0.53,0.5318,2.4,,,,,,
0.53,0.5318,2.4,,,,,,
0.53,0.5318,2.4,,,,,,
0.53,0.5318,2.4,,,,,,
0.53,0.5318,2.4,,,,,,
0.53,0.5358,2.4,,,,,,
0.53,0.5318,2.4,,,,,,
0.53,0.5318,2.4,,,,,,
0.52,0.5238,2.4,,,,,,
0.52,0.5238,2.4,,,,,,
0.52,0.5238,2.4,,,,,,
0.52,0.5238,2.4,,,,,,
0.52,0.5238,2.4,,,,,,
0.52,0.5238,2.4,,,,,,
0.52,0.5238,2.4,,,,,,
0.52,0.5238,2.4,,,,,,
0.52,0.5238,2.4,,,,,,
0.52,0.5238,2.4,,,,,,
0.52,0.5238,2.4,,,,,,
0.51,0.5118,2.4,,,,,,
0.51,0.5118,2.4,,,,,,
0.51,0.5118,2.4,,,,,,
0.51,0.5118,2.4,,,,,,
0.51,0.5118,2.4,,,,,,
0.51,0.5158,2.4,,,,,,
0.51,0.5118,2.5,,,,,,
0.51,0.5118,2.4,,,,,,
0.51,0.5118,2.5,,,,,,
0.51,0.5118,2.4,,,,,,
0.51,0.5118,2.5,,,,,,
0.5,0.5038,2.5,,,,,,
0.5,0.5038,2.5,,,,,,
0.5,0.5038,2.4,,,,,,
0.5,0.4998,2.5,,,,,,
0.5,0.5038,2.4,,,,,,
0.5,0.5038,2.4,,,,,,
0.5,0.5038,2.4,,,,,,
0.5,0.5038,2.4,,,,,,
0.5,0.5038,2.4,,,,,,
0.5,0.5038,2.4,,,,,,
0.5,0.5038,2.4,,,,,,
0.49,0.4918,2.4,,,,,,
0.49,0.4918,2.5,,,,,,
0.49,0.4958,2.4,,,,,,
0.49,0.4918,2.5,,,,,,
0.49,0.4918,2.5,,,,,,
0.49,0.4918,2.5,,,,,,
0.49,0.4958,2.5,,,,,,
0.49,0.4918,2.5,,,,,,
0.49,0.4918,2.4,,,,,,
0.49,0.4918,2.4,,,,,,
0.49,0.4918,2.4,,,,,,
0.48,0.4838,2.4,,,,,,
0.48,0.4838,2.5,,,,,,
0.48,0.4838,2.5,,,,,,
0.48,0.4838,2.4,,,,,,
0.48,0.4838,2.5,,,,,,
0.48,0.4798,2.4,,,,,,
0.48,0.4838,2.5,,,,,,
0.48,0.4838,2.4,,,,,,
0.48,0.4838,2.5,,,,,,
0.48,0.4838,2.5,,,,,,
0.48,0.4838,2.5,,,,,,
0.47,0.4718,2.5,,,,,,
0.47,0.4718,2.4,,,,,,
0.47,0.4757,2.5,,,,,,
0.47,0.4718,2.5,,,,,,
0.47,0.4718,2.5,,,,,,
0.47,0.4718,2.5,,,,,,
0.47,0.4718,2.5,,,,,,
0.47,0.4718,2.5,,,,,,
0.47,0.4718,2.4,,,,,,
0.47,0.4758,2.4,,,,,,
0.47,0.4718,2.5,,,,,,
0.46,0.4638,2.5,,,,,,
0.46,0.4638,2.5,,,,,,
0.46,0.4638,2.4,,,,,,
0.46,0.4638,2.5,,,,,,
0.46,0.4638,2.5,,,,,,
0.46,0.4638,2.5,,,,,,
0.46,0.4638,2.4,,,,,,
0.46,0.4638,2.4,,,,,,
0.46,0.4598,2.4,,,,,,
0.46,0.4638,2.5,,,,,,
0.46,0.4638,2.5,,,,,,
0.45,0.4558,2.5,,,,,,
0.45,0.4518,2.5,,,,,,
0.45,0.4518,2.5,,,,,,
0.45,0.4518,2.5,,,,,,
0.45,0.4518,2.5,,,,,,
0.45,0.4518,2.5,,,,,,
0.45,0.4518,2.5,,,,,,
0.45,0.4518,2.4,,,,,,
0.45,0.4518,2.5,,,,,,
0.45,0.4518,2.4,,,,,,
0.45,0.4518,2.5,,,,,,
0.44,0.4438,2.4,,,,,,
0.44,0.4438,2.5,,,,,,
0.44,0.4438,2.5,,,,,,
0.44,0.4438,2.4,,,,,,
0.44,0.4438,2.5,,,,,,
0.44,0.4438,2.5,,,,,,
0.44,0.4438,2.5,,,,,,
0.44,0.4438,2.5,,,,,,
0.44,0.4438,2.5,,,,,,
0.44,0.4438,2.5,,,,,,
0.44,0.4438,2.5,,,,,,
0.43,0.4318,2.5,,,,,,
0.43,0.4317,2.5,,,,,,
0.43,0.4358,2.5,,,,,,
0.43,0.4318,2.5,,,,,,
0.43,0.4317,2.4,,,,,,
0.43,0.4317,2.5,,,,,,
0.43,0.4317,2.5,,,,,,
0.43,0.4318,2.4,,,,,,
0.43,0.4317,2.5,,,,,,
0.43,0.4317,2.5,,,,,,
0.43,0.4317,2.5,,,,,,
0.42,0.4238,2.5,,,,,,
0.42,0.4238,2.5,,,,,,
0.42,0.4238,2.5,,,,,,
0.42,0.4238,2.5,,,,,,
0.42,0.4238,2.5,,,,,,
0.42,0.4238,2.5,,,,,,
0.42,0.4238,2.5,,,,,,
0.42,0.4238,2.5,,,,,,
0.42,0.4238,2.5,,,,,,
0.42,0.4238,2.4,,,,,,
0.42,0.4238,2.5,,,,,,
0.41,0.4118,2.5,,,,,,
0.41,0.4118,2.5,,,,,,
0.41,0.4118,2.5,,,,,,
0.41,0.4118,2.5,,,,,,
0.41,0.4118,2.5,,,,,,
0.41,0.4118,2.5,,,,,,
0.41,0.4118,2.5,,,,,,
0.41,0.4118,2.4,,,,,,
0.41,0.4118,2.5,,,,,,
0.41,0.4118,2.5,,,,,,
0.41,0.4118,2.5,,,,,,
0.4,0.4038,2.5,,,,,,
0.4,0.4038,2.5,,,,,,
0.4,0.4038,2.5,,,,,,
0.4,0.4038,2.5,,,,,,
0.4,0.4038,2.5,,,,,,
0.4,0.4038,2.5,,,,,,
0.4,0.4038,2.5,,,,,,
0.4,0.4038,2.5,,,,,,
0.4,0.3998,2.5,,,,,,
0.4,0.4038,2.5,,,,,,
0.4,0.4038,2.5,,,,,,
0.39,0.3918,2.5,,,,,,
0.39,0.3918,2.5,,,,,,
0.39,0.3918,2.5,,,,,,
0.39,0.3918,2.5,,,,,,
0.39,0.3918,2.5,,,,,,
0.39,0.3918,2.5,,,,,,
0.39,0.3918,2.5,,,,,,
0.39,0.3918,2.5,,,,,,
0.39,0.3918,2.5,,,,,,
0.39,0.3918,2.5,,,,,,
0.39,0.3918,2.5,,,,,,
0.38,0.3798,2.5,,,,,,
0.38,0.3797,2.5,,,,,,
0.38,0.3838,2.5,,,,,,
0.38,0.3838,2.5,,,,,,
0.38,0.3838,2.5,,,,,,
0.38,0.3798,2.5,,,,,,
0.38,0.3838,2.5,,,,,,
0.38,0.3838,2.5,,,,,,
0.38,0.3838,2.5,,,,,,
0.38,0.3798,2.5,,,,,,
0.38,0.3838,2.5,,,,,,
0.37,0.3717,2.5,,,,,,
0.37,0.3717,2.5,,,,,,
0.37,0.3717,2.5,,,,,,
0.37,0.3717,2.5,,,,,,
0.37,0.3717,2.5,,,,,,
0.37,0.3717,2.5,,,,,,
0.37,0.3717,2.5,,,,,,
0.37,0.3717,2.6,,,,,,
0.37,0.3717,2.5,,,,,,
0.37,0.3717,2.5,,,,,,
0.37,0.3717,2.5,,,,,,
0.36,0.3598,2.5,,,,,,
0.36,0.3638,2.5,,,,,,
0.36,0.3638,2.5,,,,,,
0.36,0.3598,2.5,,,,,,
0.36,0.3598,2.4,,,,,,
0.36,0.3638,2.5,,,,,,
0.36,0.3598,2.5,,,,,,
0.36,0.3598,2.5,,,,,,
0.36,0.3598,2.5,,,,,,
0.36,0.3598,2.5,,,,,,
0.36,0.3638,2.5,,,,,,
0.35,0.3518,2.4,,,,,,
0.35,0.3518,2.5,,,,,,
0.35,0.3518,2.5,,,,,,
0.35,0.3518,2.5,,,,,,
0.35,0.3518,2.5,,,,,,
0.35,0.3518,2.5,,,,,,
0.35,0.3518,2.5,,,,,,
0.35,0.3518,2.5,,,,,,
0.35,0.3518,2.5,,,,,,
0.35,0.3518,2.5,,,,,,
0.35,0.3518,2.5,,,,,,
0.34,0.3398,2.5,,,,,,
0.34,0.3398,2.5,,,,,,
0.34,0.3398,2.5,,,,,,
0.34,0.3398,2.5,,,,,,
0.34,0.3398,2.5,,,,,,
0.34,0.3438,2.5,,,,,,
0.34,0.3438,2.5,,,,,,
0.34,0.3398,2.5,,,,,,
0.34,0.3437,2.5,,,,,,
0.34,0.3398,2.5,,,,,,
0.34,0.3398,2.5,,,,,,
0.33,0.3318,2.5,,,,,,
0.33,0.3318,2.5,,,,,,
0.33,0.3318,2.5,,,,,,
0.33,0.3318,2.5,,,,,,
0.33,0.3318,2.5,,,,,,
0.33,0.3318,2.5,,,,,,
0.33,0.3318,2.5,,,,,,
0.33,0.3318,2.5,,,,,,
0.33,0.3318,2.4,,,,,,
0.33,0.3318,2.6,,,,,,
0.33,0.3318,2.5,,,,,,
0.32,0.3198,2.5,,,,,,
0.32,0.3237,2.5,,,,,,
0.32,0.3198,2.5,,,,,,
0.32,0.3198,2.5,,,,,,
0.32,0.3237,2.5,,,,,,
0.32,0.3198,2.5,,,,,,
0.32,0.3237,2.5,,,,,,
0.32,0.3237,2.5,,,,,,
0.32,0.3237,2.5,,,,,,
0.32,0.3237,2.4,,,,,,
0.32,0.3237,2.5,,,,,,
0.31,0.3118,2.5,,,,,,
0.31,0.3118,2.5,,,,,,
0.31,0.3118,2.4,,,,,,
0.31,0.3118,2.5,,,,,,
0.31,0.3118,2.5,,,,,,
0.31,0.3118,2.5,,,,,,
0.31,0.3118,2.5,,,,,,
0.31,0.3118,2.5,,,,,,
0.31,0.3118,2.5,,,,,,
0.31,0.3118,2.5,,,,,,
0.31,0.3118,2.5,,,,,,
0.3,0.3038,2.5,,,,,,
0.3,0.3038,2.5,,,,,,
0.3,0.3038,2.5,,,,,,
0.3,0.3038,2.5,,,,,,
0.3,0.3038,2.5,,,,,,
0.3,0.3038,2.4,,,,,,
0.3,0.3038,2.5,,,,,,
0.3,0.3038,2.5,,,,,,
0.3,0.3038,2.5,,,,,,
0.3,0.3038,2.5,,,,,,
0.3,0.3038,2.5,,,,,,
0.29,0.2918,2.5,,,,,,
0.29,0.2918,2.6,,,,,,
0.29,0.2918,2.5,,,,,,
0.29,0.2918,2.5,,,,,,
0.29,0.2918,2.5,,,,,,
0.29,0.2918,2.5,,,,,,
0.29,0.2918,2.6,,,,,,
0.29,0.2918,2.5,,,,,,
0.29,0.2918,2.5,,,,,,
0.29,0.2918,2.5,,,,,,
0.29,0.2917,2.5,,,,,,
0.28,0.2797,2.5,,,,,,
0.28,0.2797,2.5,,,,,,
0.28,0.2838,2.5,,,,,,
0.28,0.2797,2.5,,,,,,
0.28,0.2797,2.5,,,,,,
0.28,0.2838,2.5,,,,,,
0.28,0.2838,2.5,,,,,,
0.28,0.2797,2.5,,,,,,
0.28,0.2797,2.5,,,,,,
0.28,0.2838,2.6,,,,,,
0.28,0.2838,2.5,,,,,,
0.27,0.2718,2.5,,,,,,
0.27,0.2718,2.6,,,,,,
0.27,0.2718,2.5,,,,,,
0.27,0.2718,2.6,,,,,,
0.27,0.2718,2.5,,,,,,
0.27,0.2718,2.5,,,,,,
0.27,0.2718,2.5,,,,,,
0.27,0.2718,2.5,,,,,,
0.27,0.2718,2.5,,,,,,
0.27,0.2717,2.5,,,,,,
0.27,0.2718,2.5,,,,,,
0.26,0.2638,2.5,,,,,,
0.26,0.2638,2.5,,,,,,
0.26,0.2598,2.5,,,,,,
0.26,0.2598,2.5,,,,,,
0.26,0.2638,2.5,,,,,,
0.26,0.2638,2.5,,,,,,
0.26,0.2598,2.5,,,,,,
0.26,0.2598,2.5,,,,,,
0.26,0.2638,2.5,,,,,,
0.26,0.2598,2.5,,,,,,
0.26,0.2598,2.5,,,,,,
0.25,0.2518,2.6,,,,,,
0.25,0.2517,2.5,,,,,,
0.25,0.2518,2.5,,,,,,
0.25,0.2518,2.5,,,,,,
0.25,0.2518,2.5,,,,,,
0.25,0.2518,2.5,,,,,,
0.25,0.2518,2.5,,,,,,
0.25,0.2518,2.5,,,,,,
0.25,0.2518,2.5,,,,,,
0.25,0.2518,2.6,,,,,,
0.25,0.2518,2.5,,,,,,
0.24,0.2438,2.5,,,,,,
0.24,0.2397,2.5,,,,,,
0.24,0.2398,2.5,,,,,,
0.24,0.2398,2.5,,,,,,
0.24,0.2398,2.5,,,,,,
0.24,0.2398,2.6,,,,,,
0.24,0.2438,2.5,,,,,,
0.24,0.2438,2.5,,,,,,
0.24,0.2398,2.5,,,,,,
0.24,0.2398,2.5,,,,,,
0.24,0.2438,2.5,,,,,,
0.23,0.2318,2.5,,,,,,
0.23,0.2318,2.5,,,,,,
0.23,0.2318,2.5,,,,,,
0.23,0.2318,2.6,,,,,,
0.23,0.2318,2.5,,,,,,
0.23,0.2317,2.5,,,,,,
0.23,0.2318,2.5,,,,,,
0.23,0.2317,2.5,,,,,,
0.23,0.2318,2.5,,,,,,
0.23,0.2318,2.5,,,,,,
0.23,0.2318,2.5,,,,,,
0.22,0.2237,2.5,,,,,,
0.22,0.2237,2.5,,,,,,
0.22,0.2237,2.6,,,,,,
0.22,0.2197,2.5,,,,,,
0.22,0.2198,2.5,,,,,,
0.22,0.2237,2.6,,,,,,
0.22,0.2237,2.5,,,,,,
0.22,0.2237,2.5,,,,,,
0.22,0.2237,2.6,,,,,,
0.22,0.2237,2.5,,,,,,
0.22,0.2198,2.5,,,,,,
0.21,0.2118,2.6,,,,,,
0.21,0.2118,2.5,,,,,,
0.21,0.2118,2.5,,,,,,
0.21,0.2118,2.6,,,,,,
0.21,0.2118,2.5,,,,,,
0.21,0.2118,2.6,,,,,,
0.21,0.2117,2.5,,,,,,
0.21,0.2118,2.5,,,,,,
0.21,0.2118,2.5,,,,,,
0.21,0.2118,2.5,,,,,,
0.21,0.2118,2.5,,,,,,
0.2,0.2037,2.5,,,,,,
0.2,0.1998,2.5,,,,,,
0.2,0.2038,2.5,,,,,,
0.2,0.1998,2.5,,,,,,
0.2,0.1997,2.6,,,,,,
0.2,0.2038,2.5,,,,,,
0.2,0.2038,2.6,,,,,,
0.2,0.1998,2.5,,,,,,
0.2,0.2038,2.5,,,,,,
0.2,0.1998,2.5,,,,,,
0.2,0.1997,2.5,,,,,,
0.19,0.1918,2.5,,,,,,
0.19,0.1918,2.5,,,,,,
0.19,0.1918,2.5,,,,,,
0.19,0.1918,2.5,,,,,,
0.19,0.1918,2.6,,,,,,
0.19,0.1918,2.5,,,,,,
0.19,0.1917,2.5,,,,,,
0.19,0.1918,2.5,,,,,,
0.19,0.1918,2.6,,,,,,
0.19,0.1917,2.5,,,,,,
0.19,0.1918,2.5,,,,,,
0.18,0.1838,2.5,,,,,,
0.18,0.1838,2.6,,,,,,
0.18,0.1798,2.5,,,,,,
0.18,0.1837,2.5,,,,,,
0.18,0.1838,2.6,,,,,,
0.18,0.1838,2.6,,,,,,
0.18,0.1838,2.6,,,,,,
0.18,0.1798,2.5,,,,,,
0.18,0.1837,2.5,,,,,,
0.18,0.1838,2.5,,,,,,
0.18,0.1837,2.5,,,,,,
0.17,0.1717,2.5,,,,,,
0.17,0.1718,2.5,,,,,,
0.17,0.1717,2.5,,,,,,
0.17,0.1718,2.5,,,,,,
0.17,0.1717,2.6,,,,,,
0.17,0.1718,2.5,,,,,,
0.17,0.1718,2.5,,,,,,
0.17,0.1718,2.5,,,,,,
0.17,0.1717,2.6,,,,,,
0.17,0.1718,2.5,,,,,,
0.17,0.1718,2.6,,,,,,
0.16,0.1637,2.5,,,,,,
0.16,0.1637,2.6,,,,,,
0.16,0.1638,2.5,,,,,,
0.16,0.1637,2.6,,,,,,
0.16,0.1638,2.5,,,,,,
0.16,0.1598,2.5,,,,,,
0.16,0.1638,2.5,,,,,,
0.16,0.1638,2.5,,,,,,
0.16,0.1638,2.5,,,,,,
0.16,0.1598,2.5,,,,,,
0.16,0.1638,2.5,,,,,,
0.15,0.1518,2.5,,,,,,
0.15,0.1518,2.6,,,,,,
0.15,0.1518,2.5,,,,,,
0.15,0.1518,2.5,,,,,,
0.15,0.1518,2.5,,,,,,
0.15,0.1518,2.6,,,,,,
0.15,0.1518,2.6,,,,,,
0.15,0.1557,2.5,,,,,,
0.15,0.1518,2.6,,,,,,
0.15,0.1518,2.5,,,,,,
0.15,0.1557,2.5,,,,,,
0.14,0.1398,2.5,,,,,,
0.14,0.1438,2.5,,,,,,
0.14,0.1438,2.5,,,,,,
0.14,0.1397,2.5,,,,,,
0.14,0.1397,2.5,,,,,,
0.14,0.1437,2.5,,,,,,
0.14,0.1438,2.5,,,,,,
0.14,0.1398,2.6,,,,,,
0.14,0.1398,2.5,,,,,,
0.14,0.1437,2.6,,,,,,
0.14,0.1438,2.5,,,,,,
0.13,0.1317,2.5,,,,,,
0.13,0.1317,2.6,,,,,,
0.13,0.1317,2.6,,,,,,
0.13,0.1317,2.5,,,,,,
0.13,0.1317,2.5,,,,,,
0.13,0.1317,2.6,,,,,,
0.13,0.1317,2.5,,,,,,
0.13,0.1317,2.5,,,,,,
0.13,0.1317,2.5,,,,,,
0.13,0.1317,2.5,,,,,,
0.13,0.1317,2.6,,,,,,
0.12,0.1238,2.6,,,,,,
0.12,0.1238,2.5,,,,,,
0.12,0.1238,2.5,,,,,,
0.12,0.1238,2.5,,,,,,
0.12,0.1237,2.6,,,,,,
0.12,0.1237,2.5,,,,,,
0.12,0.1238,2.6,,,,,,
0.12,0.1238,2.5,,,,,,
0.12,0.1198,2.5,,,,,,
0.12,0.1197,2.6,,,,,,
0.12,0.1198,2.5,,,,,,
0.11,0.1117,2.6,,,,,,
0.11,0.1117,2.6,,,,,,
0.11,0.1118,2.6,,,,,,
0.11,0.1117,2.5,,,,,,
0.11,0.1118,2.5,,,,,,
0.11,0.1118,2.5,,,,,,
0.11,0.1117,2.5,,,,,,
0.11,0.1118,2.5,,,,,,
0.11,0.1118,2.6,,,,,,
0.11,0.1118,2.5,,,,,,
0.11,0.1117,2.5,,,,,,
0.1,0.1037,2.6,,,,,,
0.1,0.1038,2.6,,,,,,
0.1,0.1038,2.5,,,,,,
0.1,0.1038,2.6,,,,,,
0.1,0.1038,2.6,,,,,,
0.1,0.1038,2.5,,,,,,
0.1,0.1038,2.5,,,,,,
0.1,0.1038,2.6,,,,,,
0.1,0.1037,2.6,,,,,,
0.1,0.1038,2.5,,,,,,
0.1,0.1037,2.5,,,,,,
0.09,0.0918,2.5,,,,,,
0.09,0.0917,2.6,,,,,,
0.09,0.0918,2.5,,,,,,
0.09,0.0917,2.5,,,,,,
0.09,0.0958,2.5,,,,,,
0.09,0.0917,2.5,,,,,,
0.09,0.0918,2.6,,,,,,
0.09,0.0917,2.5,,,,,,
0.09,0.0918,2.5,,,,,,
0.09,0.0918,2.5,,,,,,
0.09,0.0957,2.5,,,,,,
0.08,0.0798,2.6,,,,,,
0.08,0.0837,2.5,,,,,,
0.08,0.0838,2.5,,,,,,
0.08,0.0837,2.5,,,,,,
0.08,0.0838,2.6,,,,,,
0.08,0.0838,2.6,,,,,,
0.08,0.0837,2.5,,,,,,
0.08,0.0837,2.6,,,,,,
0.08,0.0837,2.5,,,,,,
0.08,0.0837,2.6,,,,,,
0.08,0.0838,2.6,,,,,,
0.07,0.0718,2.5,,,,,,
0.07,0.0718,2.6,,,,,,
0.07,0.0717,2.5,,,,,,
0.07,0.0717,2.5,,,,,,
0.07,0.0718,2.6,,,,,,
0.07,0.0718,2.5,,,,,,
0.07,0.0717,2.5,,,,,,
0.07,0.0717,2.6,,,,,,
0.07,0.0718,2.5,,,,,,
0.07,0.0717,2.6,,,,,,
0.07,0.0718,2.6,,,,,,
0.06,0.0638,2.6,,,,,,
0.06,0.0637,2.6,,,,,,
0.06,0.0638,2.6,,,,,,
0.06,0.0637,2.6,,,,,,
0.06,0.0637,2.5,,,,,,
0.06,0.0598,2.5,,,,,,
0.06,0.0637,2.5,,,,,,
0.06,0.0638,2.5,,,,,,
0.06,0.0637,2.6,,,,,,
0.06,0.0638,2.5,,,,,,
0.06,0.0637,2.5,,,,,,
0.05,0.0558,2.6,,,,,,
0.05,0.0558,2.5,,,,,,
0.05,0.0558,2.6,,,,,,
0.05,0.0557,2.5,,,,,,
0.05,0.0557,2.6,,,,,,
0.05,0.0558,2.6,,,,,,
0.05,0.0517,2.5,,,,,,
0.05,0.0557,2.6,,,,,,
0.05,0.0517,2.5,,,,,,
0.05,0.0518,2.6,,,,,,
0.05,0.0557,2.5,,,,,,
0.04,0.0558,2.6,,,,,,
0.04,0.0557,2.5,,,,,,
0.04,0.0518,2.5,,,,,,
0.04,0.0557,2.5,,,,,,
0.04,0.0557,2.5,,,,,,
0.04,0.0558,2.5,,,,,,
0.04,0.0558,2.5,,,,,,
0.04,0.0558,2.5,,,,,,
0.04,0.0558,2.6,,,,,,
0.04,0.0557,2.6,,,,,,
0.04,0.0557,2.5,,,,,,
0.03,0.0557,2.6,,,,,,
0.03,0.0557,2.6,,,,,,
0.03,0.0557,2.5,,,,,,
0.03,0.0557,2.6,,,,,,
0.03,0.0558,2.6,,,,,,
0.03,0.0557,2.6,,,,,,
0.03,0.0557,2.5,,,,,,
0.03,0.0518,2.6,,,,,,
0.03,0.0557,2.5,,,,,,
0.03,0.0558,2.5,,,,,,
0.03,0.0558,2.5,,,,,,
0.02,0.0558,2.6,,,,,,
0.02,0.0558,2.6,,,,,,
0.02,0.0558,2.5,,,,,,
0.02,0.0558,2.5,,,,,,
0.02,0.0558,2.5,,,,,,
0.02,0.0558,2.6,,,,,,
0.02,0.0557,2.5,,,,,,
0.02,0.0558,2.6,,,,,,
0.02,0.0598,2.6,,,,,,
0.02,0.0557,2.5,,,,,,
0.02,0.0558,2.5,,,,,,
0.01,0.0557,2.5,,,,,,
0.01,0.0558,2.5,,,,,,
0.01,0.0558,2.6,,,,,,
0.01,0.0557,2.6,,,,,,
0.01,0.0557,2.5,,,,,,
0.01,0.0558,2.5,,,,,,
0.01,0.0557,2.5,,,,,,
0.01,0.0558,2.5,,,,,,
0.01,0.0558,2.5,,,,,,
0.01,0.0597,2.6,,,,,,
0.01,0.0557,2.5,,,,,,
,0.0558,2.5,,,,,,
,0.0558,2.6,,,,,,
,0.0557,2.5,,,,,,
,0.0557,2.5,,,,,,
,0.0557,2.5,,,,,,
,0.0597,2.5,,,,,,
,0.0557,2.5,,,,,,
,0.0597,2.5,,,,,,
,0.0558,2.5,,,,,,
,0.0598,2.6,,,,,,
,0.0558,2.6,,,,,,
,0.0558,2.6,,,,,,
,0.0597,2.6,,,,,,
,0.0557,2.5,,,,,,
,0.0558,2.6,,,,,,
,0.0558,2.5,,,,,,
,0.0597,2.6,,,,,,
,0.0558,2.5,,,,,,
,0.0557,2.6,,,,,,
,0.0598,2.5,,,,,,
,0.0598,2.5,,,,,,
,0.0557,2.6,,,,,,
0.01,0.0558,2.5,,,,,,
0.01,0.0558,2.5,,,,,,
0.01,0.0558,2.5,,,,,,
0.01,0.0558,2.5,,,,,,
0.01,0.0558,2.5,,,,,,
0.01,0.0558,2.5,,,,,,
0.01,0.0598,2.6,,,,,,
0.01,0.0558,2.5,,,,,,
0.01,0.0558,2.5,,,,,,
0.01,0.0558,2.5,,,,,,
0.01,0.0557,2.5,,,,,,
0.02,0.0557,2.6,,,,,,
0.02,0.0558,2.5,,,,,,
0.02,0.0557,2.5,,,,,,
0.02,0.0558,2.5,,,,,,
0.02,0.0558,2.5,,,,,,
0.02,0.0558,2.5,,,,,,
0.02,0.0558,2.6,,,,,,
0.02,0.0557,2.6,,,,,,
0.02,0.0558,2.5,,,,,,
0.02,0.0557,2.5,,,,,,
0.02,0.0558,2.5,,,,,,
0.03,0.0558,2.6,,,,,,
0.03,0.0558,2.5,,,,,,
0.03,0.0558,2.5,,,,,,
0.03,0.0558,2.5,,,,,,
0.03,0.0558,2.6,,,,,,
0.03,0.0558,2.5,,,,,,
0.03,0.0557,2.5,,,,,,
0.03,0.0558,2.5,,,,,,
0.03,0.0558,2.5,,,,,,
0.03,0.0558,2.5,,,,,,
0.03,0.0558,2.5,,,,,,
0.04,0.0558,2.5,,,,,,
0.04,0.0557,2.5,,,,,,
0.04,0.0557,2.6,,,,,,
0.04,0.0517,2.5,,,,,,
0.04,0.0558,2.6,,,,,,
0.04,0.0558,2.5,,,,,,
0.04,0.0518,2.6,,,,,,
0.04,0.0517,2.6,,,,,,
0.04,0.0517,2.6,,,,,,
0.04,0.0557,2.5,,,,,,
0.04,0.0558,2.6,,,,,,
0.05,0.0557,2.5,,,,,,
0.05,0.0518,2.6,,,,,,
0.05,0.0518,2.5,,,,,,
0.05,0.0557,2.6,,,,,,
0.05,0.0558,2.6,,,,,,
0.05,0.0558,2.5,,,,,,
0.05,0.0518,2.5,,,,,,
0.05,0.0518,2.5,,,,,,
0.05,0.0517,2.6,,,,,,
0.05,0.0558,2.5,,,,,,
0.05,0.0558,2.6,,,,,,
0.06,0.0638,2.5,,,,,,
0.06,0.0637,2.5,,,,,,
0.06,0.0598,2.5,,,,,,
0.06,0.0638,2.5,,,,,,
0.06,0.0638,2.6,,,,,,
0.06,0.0638,2.6,,,,,,
0.06,0.0638,2.5,,,,,,
0.06,0.0638,2.5,,,,,,
0.06,0.0638,2.5,,,,,,
0.06,0.0638,2.5,,,,,,
0.06,0.0637,2.5,,,,,,
0.07,0.0717,2.5,,,,,,
0.07,0.0717,2.5,,,,,,
0.07,0.0717,2.6,,,,,,
0.07,0.0718,2.6,,,,,,
0.07,0.0717,2.5,,,,,,
0.07,0.0718,2.6,,,,,,
0.07,0.0718,2.6,,,,,,
0.07,0.0717,2.5,,,,,,
0.07,0.0718,2.5,,,,,,
0.07,0.0718,2.6,,,,,,
0.07,0.0718,2.5,,,,,,
0.08,0.0838,2.5,,,,,,
0.08,0.0838,2.6,,,,,,
0.08,0.0838,2.6,,,,,,
0.08,0.0798,2.6,,,,,,
0.08,0.0838,2.5,,,,,,
0.08,0.0798,2.6,,,,,,
0.08,0.0838,2.5,,,,,,
0.08,0.0838,2.6,,,,,,
0.08,0.0838,2.6,,,,,,
0.08,0.0837,2.5,,,,,,
0.08,0.0838,2.6,,,,,,
0.09,0.0918,2.5,,,,,,
0.09,0.0917,2.5,,,,,,
0.09,0.0918,2.5,,,,,,
0.09,0.0917,2.6,,,,,,
0.09,0.0918,2.5,,,,,,
0.09,0.0958,2.5,,,,,,
0.09,0.0918,2.5,,,,,,
0.09,0.0918,2.5,,,,,,
0.09,0.0918,2.5,,,,,,
0.09,0.0917,2.5,,,,,,
0.09,0.0958,2.5,,,,,,
0.1,0.1038,2.5,,,,,,
0.1,0.1038,2.5,,,,,,
0.1,0.1038,2.5,,,,,,
0.1,0.1038,2.6,,,,,,
0.1,0.1038,2.6,,,,,,
0.1,0.1038,2.6,,,,,,
0.1,0.1037,2.5,,,,,,
0.1,0.1037,2.5,,,,,,
0.1,0.1037,2.6,,,,,,
0.1,0.1038,2.5,,,,,,
0.1,0.1038,2.5,,,,,,
0.11,0.1118,2.5,,,,,,
0.11,0.1118,2.5,,,,,,
0.11,0.1118,2.6,,,,,,
0.11,0.1118,2.5,,,,,,
0.11,0.1118,2.6,,,,,,
0.11,0.1118,2.6,,,,,,
0.11,0.1158,2.5,,,,,,
0.11,0.1118,2.5,,,,,,
0.11,0.1118,2.5,,,,,,
0.11,0.1118,2.5,,,,,,
0.11,0.1118,2.5,,,,,,
0.12,0.1238,2.5,,,,,,
0.12,0.1238,2.5,,,,,,
0.12,0.1238,2.5,,,,,,
0.12,0.1198,2.5,,,,,,
0.12,0.1238,2.5,,,,,,
0.12,0.1238,2.5,,,,,,
0.12,0.1238,2.6,,,,,,
0.12,0.1198,2.5,,,,,,
0.12,0.1238,2.6,,,,,,
0.12,0.1238,2.6,,,,,,
0.12,0.1198,2.5,,,,,,
0.13,0.1317,2.5,,,,,,
0.13,0.1317,2.5,,,,,,
0.13,0.1317,2.5,,,,,,
0.13,0.1317,2.5,,,,,,
0.13,0.1317,2.5,,,,,,
0.13,0.1317,2.5,,,,,,
0.13,0.1317,2.5,,,,,,
0.13,0.1317,2.5,,,,,,
0.13,0.1317,2.5,,,,,,
0.13,0.1317,2.5,,,,,,
0.13,0.1317,2.5,,,,,,
0.14,0.1438,2.6,,,,,,
0.14,0.1438,2.5,,,,,,
0.14,0.1438,2.5,,,,,,
0.14,0.1438,2.5,,,,,,
0.14,0.1398,2.5,,,,,,
0.14,0.1398,2.5,,,,,,
0.14,0.1398,2.5,,,,,,
0.14,0.1438,2.5,,,,,,
0.14,0.1437,2.5,,,,,,
0.14,0.1438,2.5,,,,,,
0.14,0.1437,2.5,,,,,,
0.15,0.1557,2.5,,,,,,
0.15,0.1518,2.5,,,,,,
0.15,0.1518,2.5,,,,,,
0.15,0.1518,2.5,,,,,,
0.15,0.1518,2.6,,,,,,
0.15,0.1518,2.5,,,,,,
0.15,0.1518,2.5,,,,,,
0.15,0.1557,2.5,,,,,,
0.15,0.1517,2.5,,,,,,
0.15,0.1518,2.5,,,,,,
0.15,0.1518,2.5,,,,,,
0.16,0.1638,2.5,,,,,,
0.16,0.1638,2.5,,,,,,
0.16,0.1638,2.5,,,,,,
0.16,0.1638,2.5,,,,,,
0.16,0.1598,2.5,,,,,,
0.16,0.1637,2.5,,,,,,
0.16,0.1638,2.5,,,,,,
0.16,0.1638,2.5,,,,,,
0.16,0.1638,2.5,,,,,,
0.16,0.1637,2.5,,,,,,
0.16,0.1638,2.5,,,,,,
0.17,0.1718,2.5,,,,,,
0.17,0.1718,2.6,,,,,,
0.17,0.1718,2.5,,,,,,
0.17,0.1718,2.5,,,,,,
0.17,0.1718,2.5,,,,,,
0.17,0.1718,2.5,,,,,,
0.17,0.1718,2.5,,,,,,
0.17,0.1718,2.5,,,,,,
0.17,0.1718,2.5,,,,,,
0.17,0.1718,2.5,,,,,,
0.17,0.1718,2.5,,,,,,
0.18,0.1838,2.5,,,,,,
0.18,0.1838,2.5,,,,,,
0.18,0.1838,2.5,,,,,,
0.18,0.1838,2.5,,,,,,
0.18,0.1838,2.6,,,,,,
0.18,0.1838,2.5,,,,,,
0.18,0.1838,2.5,,,,,,
0.18,0.1838,2.5,,,,,,
0.18,0.1838,2.5,,,,,,
0.18,0.1837,2.5,,,,,,
0.18,0.1838,2.5,,,,,,
0.19,0.1918,2.5,,,,,,
0.19,0.1918,2.5,,,,,,
0.19,0.1918,2.5,,,,,,
0.19,0.1917,2.5,,,,,,
0.19,0.1918,2.5,,,,,,
0.19,0.1918,2.5,,,,,,
0.19,0.1918,2.5,,,,,,
0.19,0.1918,2.5,,,,,,
0.19,0.1918,2.5,,,,,,
0.19,0.1918,2.5,,,,,,
0.19,0.1918,2.5,,,,,,
0.2,0.2038,2.5,,,,,,
0.2,0.1998,2.5,,,,,,
0.2,0.1998,2.5,,,,,,
0.2,0.2038,2.5,,,,,,
0.2,0.2038,2.5,,,,,,
0.2,0.1998,2.5,,,,,,
0.2,0.2038,2.5,,,,,,
0.2,0.1998,2.5,,,,,,
0.2,0.1998,2.5,,,,,,
0.2,0.2038,2.5,,,,,,
0.2,0.1998,2.5,,,,,,
0.21,0.2118,2.5,,,,,,
0.21,0.2118,2.5,,,,,,
0.21,0.2118,2.5,,,,,,
0.21,0.2118,2.5,,,,,,
0.21,0.2118,2.5,,,,,,
0.21,0.2118,2.5,,,,,,
0.21,0.2118,2.5,,,,,,
0.21,0.2118,2.5,,,,,,
0.21,0.2118,2.5,,,,,,
0.21,0.2118,2.5,,,,,,
0.21,0.2118,2.5,,,,,,
0.22,0.2237,2.5,,,,,,
0.22,0.2198,2.5,,,,,,
0.22,0.2237,2.5,,,,,,
0.22,0.2237,2.5,,,,,,
0.22,0.2198,2.5,,,,,,
0.22,0.2237,2.5,,,,,,
0.22,0.2237,2.5,,,,,,
0.22,0.2198,2.5,,,,,,
0.22,0.2237,2.5,,,,,,
0.22,0.2237,2.5,,,,,,
0.22,0.2237,2.5,,,,,,
0.23,0.2318,2.5,,,,,,
0.23,0.2318,2.5,,,,,,
0.23,0.2317,2.5,,,,,,
0.23,0.2318,2.5,,,,,,
0.23,0.2318,2.5,,,,,,
0.23,0.2318,2.5,,,,,,
0.23,0.2318,2.5,,,,,,
0.23,0.2318,2.5,,,,,,
0.23,0.2318,2.5,,,,,,
0.23,0.2318,2.5,,,,,,
0.23,0.2318,2.5,,,,,,
0.24,0.2438,2.5,,,,,,
0.24,0.2398,2.5,,,,,,
0.24,0.2398,2.5,,,,,,
0.24,0.2398,2.5,,,,,,
0.24,0.2438,2.5,,,,,,
0.24,0.2398,2.5,,,,,,
0.24,0.2438,2.5,,,,,,
0.24,0.2438,2.5,,,,,,
0.24,0.2438,2.5,,,,,,
0.24,0.2438,2.5,,,,,,
0.24,0.2398,2.5,,,,,,
0.25,0.2518,2.5,,,,,,
0.25,0.2518,2.5,,,,,,
0.25,0.2518,2.5,,,,,,
0.25,0.2518,2.4,,,,,,
0.25,0.2518,2.5,,,,,,
0.25,0.2518,2.5,,,,,,
0.25,0.2518,2.5,,,,,,
0.25,0.2558,2.5,,,,,,
0.25,0.2518,2.5,,,,,,
0.25,0.2518,2.5,,,,,,
0.25,0.2518,2.5,,,,,,
0.26,0.2598,2.5,,,,,,
0.26,0.2598,2.5,,,,,,
0.26,0.2638,2.4,,,,,,
0.26,0.2638,2.5,,,,,,
0.26,0.2598,2.5,,,,,,
0.26,0.2638,2.5,,,,,,
0.26,0.2598,2.5,,,,,,
0.26,0.2638,2.5,,,,,,
0.26,0.2598,2.5,,,,,,
0.26,0.2598,2.5,,,,,,
0.26,0.2638,2.5,,,,,,
0.27,0.2718,2.5,,,,,,
0.27,0.2718,2.5,,,,,,
0.27,0.2718,2.5,,,,,,
0.27,0.2718,2.5,,,,,,
0.27,0.2718,2.5,,,,,,
0.27,0.2718,2.5,,,,,,
0.27,0.2718,2.5,,,,,,
0.27,0.2718,2.5,,,,,,
0.27,0.2718,2.5,,,,,,
0.27,0.2718,2.5,,,,,,
0.27,0.2718,2.5,,,,,,
0.28,0.2838,2.5,,,,,,
0.28,0.2838,2.5,,,,,,
0.28,0.2838,2.5,,,,,,
0.28,0.2838,2.5,,,,,,
0.28,0.2838,2.5,,,,,,
0.28,0.2797,2.5,,,,,,
0.28,0.2838,2.5,,,,,,
0.28,0.2838,2.5,,,,,,
0.28,0.2838,2.5,,,,,,
0.28,0.2797,2.5,,,,,,
0.28,0.2838,2.5,,,,,,
0.29,0.2918,2.5,,,,,,
0.29,0.2918,2.5,,,,,,
0.29,0.2918,2.5,,,,,,
0.29,0.2918,2.6,,,,,,
0.29,0.2918,2.5,,,,,,
0.29,0.2918,2.5,,,,,,
0.29,0.2918,2.4,,,,,,
0.29,0.2918,2.5,,,,,,
0.29,0.2918,2.5,,,,,,
0.29,0.2918,2.5,,,,,,
0.29,0.2918,2.5,,,,,,
0.3,0.3038,2.5,,,,,,
0.3,0.3038,2.5,,,,,,
0.3,0.2998,2.5,,,,,,
0.3,0.3038,2.5,,,,,,
0.3,0.3038,2.5,,,,,,
0.3,0.3038,2.4,,,,,,
0.3,0.3038,2.5,,,,,,
0.3,0.2998,2.5,,,,,,
0.3,0.3038,2.5,,,,,,
0.3,0.3038,2.5,,,,,,
0.3,0.2998,2.5,,,,,,
0.31,0.3118,2.5,,,,,,
0.31,0.3118,2.5,,,,,,
0.31,0.3118,2.5,,,,,,
0.31,0.3118,2.5,,,,,,
0.31,0.3118,2.5,,,,,,
0.31,0.3118,2.5,,,,,,
0.31,0.3118,2.5,,,,,,
0.31,0.3118,2.5,,,,,,
0.31,0.3118,2.5,,,,,,
0.31,0.3118,2.5,,,,,,
0.31,0.3118,2.5,,,,,,
0.32,0.3237,2.4,,,,,,
0.32,0.3238,2.5,,,,,,
0.32,0.3237,2.4,,,,,,
0.32,0.3238,2.5,,,,,,
0.32,0.3198,2.5,,,,,,
0.32,0.3237,2.5,,,,,,
0.32,0.3237,2.5,,,,,,
0.32,0.3237,2.5,,,,,,
0.32,0.3237,2.5,,,,,,
0.32,0.3198,2.5,,,,,,
0.32,0.3237,2.5,,,,,,
0.33,0.3318,2.5,,,,,,
0.33,0.3318,2.5,,,,,,
0.33,0.3318,2.5,,,,,,
0.33,0.3318,2.4,,,,,,
0.33,0.3318,2.4,,,,,,
0.33,0.3318,2.5,,,,,,
0.33,0.3318,2.5,,,,,,
0.33,0.3318,2.5,,,,,,
0.33,0.3318,2.5,,,,,,
0.33,0.3318,2.4,,,,,,
0.33,0.3318,2.5,,,,,,
0.34,0.3438,2.5,,,,,,
0.34,0.3438,2.5,,,,,,
0.34,0.3398,2.4,,,,,,
0.34,0.3438,2.5,,,,,,
0.34,0.3438,2.5,,,,,,
0.34,0.3438,2.4,,,,,,
0.34,0.3438,2.5,,,,,,
0.34,0.3398,2.5,,,,,,
0.34,0.3398,2.5,,,,,,
0.34,0.3438,2.4,,,,,,
0.34,0.3398,2.5,,,,,,
0.35,0.3518,2.4,,,,,,
0.35,0.3518,2.5,,,,,,
0.35,0.3518,2.4,,,,,,
0.35,0.3518,2.5,,,,,,
0.35,0.3518,2.4,,,,,,
0.35,0.3518,2.5,,,,,,
0.35,0.3518,2.5,,,,,,
0.35,0.3518,2.5,,,,,,
0.35,0.3518,2.5,,,,,,
0.35,0.3518,2.5,,,,,,
0.35,0.3518,2.5,,,,,,
0.36,0.3598,2.4,,,,,,
0.36,0.3598,2.5,,,,,,
0.36,0.3598,2.5,,,,,,
0.36,0.3598,2.5,,,,,,
0.36,0.3638,2.5,,,,,,
0.36,0.3598,2.5,,,,,,
0.36,0.3598,2.5,,,,,,
0.36,0.3598,2.5,,,,,,
0.36,0.3598,2.4,,,,,,
0.36,0.3598,2.5,,,,,,
0.36,0.3598,2.4,,,,,,
0.37,0.3717,2.4,,,,,,
0.37,0.3718,2.5,,,,,,
0.37,0.3717,2.4,,,,,,
0.37,0.3717,2.4,,,,,,
0.37,0.3717,2.5,,,,,,
0.37,0.3718,2.4,,,,,,
0.37,0.3717,2.4,,,,,,
0.37,0.3717,2.5,,,,,,
0.37,0.3718,2.4,,,,,,
0.37,0.3717,2.5,,,,,,
0.37,0.3717,2.5,,,,,,
0.38,0.3838,2.4,,,,,,
0.38,0.3838,2.5,,,,,,
0.38,0.3838,2.5,,,,,,
0.38,0.3798,2.5,,,,,,
0.38,0.3798,2.4,,,,,,
0.38,0.3838,2.4,,,,,,
0.38,0.3798,2.4,,,,,,
0.38,0.3838,2.5,,,,,,
0.38,0.3838,2.4,,,,,,
0.38,0.3838,2.5,,,,,,
0.38,0.3838,2.4,,,,,,
0.39,0.3918,2.5,,,,,,
0.39,0.3918,2.4,,,,,,
0.39,0.3918,2.5,,,,,,
0.39,0.3918,2.4,,,,,,
0.39,0.3918,2.4,,,,,,
0.39,0.3918,2.5,,,,,,
0.39,0.3918,2.4,,,,,,
0.39,0.3918,2.4,,,,,,
0.39,0.3918,2.4,,,,,,
0.39,0.3918,2.5,,,,,,
0.39,0.3918,2.5,,,,,,
0.4,0.4038,2.4,,,,,,
0.4,0.4038,2.5,,,,,,
0.4,0.4038,2.4,,,,,,
0.4,0.4038,2.4,,,,,,
0.4,0.4038,2.4,,,,,,
0.4,0.4038,2.4,,,,,,
0.4,0.4038,2.5,,,,,,
0.4,0.4038,2.4,,,,,,
0.4,0.4038,2.5,,,,,,
0.4,0.4038,2.5,,,,,,
0.4,0.4038,2.5,,,,,,
0.41,0.4118,2.5,,,,,,
0.41,0.4118,2.5,,,,,,
0.41,0.4118,2.5,,,,,,
0.41,0.4118,2.4,,,,,,
0.41,0.4118,2.4,,,,,,
0.41,0.4118,2.4,,,,,,
0.41,0.4118,2.5,,,,,,
0.41,0.4118,2.4,,,,,,
0.41,0.4118,2.4,,,,,,
0.41,0.4118,2.4,,,,,,
0.41,0.4118,2.5,,,,,,
0.42,0.4238,2.4,,,,,,
0.42,0.4238,2.5,,,,,,
0.42,0.4238,2.4,,,,,,
0.42,0.4238,2.4,,,,,,
0.42,0.4198,2.5,,,,,,
0.42,0.4238,2.4,,,,,,
0.42,0.4238,2.4,,,,,,
0.42,0.4238,2.4,,,,,,
0.42,0.4238,2.5,,,,,,
0.42,0.4238,2.4,,,,,,
0.42,0.4197,2.4,,,,,,
0.43,0.4317,2.4,,,,,,
0.43,0.4318,2.4,,,,,,
0.43,0.4318,2.4,,,,,,
0.43,0.4317,2.4,,,,,,
0.43,0.4318,2.4,,,,,,
0.43,0.4318,2.5,,,,,,
0.43,0.4318,2.4,,,,,,
0.43,0.4318,2.4,,,,,,
0.43,0.4318,2.4,,,,,,
0.43,0.4317,2.4,,,,,,
0.43,0.4318,2.4,,,,,,
0.44,0.4438,2.4,,,,,,
0.44,0.4438,2.4,,,,,,
0.44,0.4438,2.4,,,,,,
0.44,0.4438,2.4,,,,,,
0.44,0.4398,2.4,,,,,,
0.44,0.4438,2.4,,,,,,
0.44,0.4438,2.5,,,,,,
0.44,0.4438,2.4,,,,,,
0.44,0.4438,2.4,,,,,,
0.44,0.4438,2.4,,,,,,
0.44,0.4438,2.4,,,,,,
0.45,0.4518,2.4,,,,,,
0.45,0.4518,2.4,,,,,,
0.45,0.4518,2.4,,,,,,
0.45,0.4518,2.4,,,,,,
0.45,0.4518,2.4,,,,,,
0.45,0.4518,2.5,,,,,,
0.45,0.4518,2.5,,,,,,
0.45,0.4518,2.4,,,,,,
0.45,0.4518,2.4,,,,,,
0.45,0.4518,2.5,,,,,,
0.45,0.4518,2.5,,,,,,
0.46,0.4598,2.4,,,,,,
0.46,0.4598,2.4,,,,,,
0.46,0.4638,2.4,,,,,,
0.46,0.4638,2.4,,,,,,
0.46,0.4638,2.4,,,,,,
0.46,0.4598,2.4,,,,,,
0.46,0.4638,2.5,,,,,,
0.46,0.4638,2.4,,,,,,
0.46,0.4638,2.4,,,,,,
0.46,0.4638,2.4,,,,,,
0.46,0.4638,2.4,,,,,,
0.47,0.4718,2.4,,,,,,
0.47,0.4718,2.4,,,,,,
0.47,0.4718,2.4,,,,,,
0.47,0.4718,2.4,,,,,,
0.47,0.4758,2.4,,,,,,
0.47,0.4718,2.4,,,,,,
0.47,0.4718,2.4,,,,,,
0.47,0.4758,2.4,,,,,,
0.47,0.4718,2.4,,,,,,
0.47,0.4718,2.4,,,,,,
0.47,0.4718,2.3,,,,,,
0.48,0.4798,2.4,,,,,,
0.48,0.4838,2.4,,,,,,
0.48,0.4838,2.4,,,,,,
0.48,0.4838,2.4,,,,,,
0.48,0.4838,2.4,,,,,,
0.48,0.4838,2.4,,,,,,
0.48,0.4838,2.3,,,,,,
0.48,0.4838,2.4,,,,,,
0.48,0.4838,2.4,,,,,,
0.48,0.4838,2.5,,,,,,
0.48,0.4798,2.4,,,,,,
0.49,0.4958,2.4,,,,,,
0.49,0.4918,2.4,,,,,,
0.49,0.4918,2.4,,,,,,
0.49,0.4918,2.4,,,,,,
0.49,0.4918,2.4,,,,,,
0.49,0.4958,2.4,,,,,,
0.49,0.4918,2.4,,,,,,
0.49,0.4958,2.4,,,,,,
0.49,0.4958,2.4,,,,,,
0.49,0.4918,2.4,,,,,,
0.49,0.4958,2.4,,,,,,
0.5,0.5038,2.4,,,,,,
0.5,0.5038,2.4,,,,,,
0.5,0.5038,2.4,,,,,,
0.5,0.5038,2.4,,,,,,
0.5,0.5038,2.4,,,,,,
0.5,0.5038,2.4,,,,,,
0.5,0.4998,2.5,,,,,,
0.5,0.5038,2.4,,,,,,
0.5,0.5038,2.3,,,,,,
0.5,0.5038,2.4,,,,,,
0.5,0.5038,2.4,,,,,,
0.51,0.5118,2.4,,,,,,
0.51,0.5118,2.4,,,,,,
0.51,0.5158,2.4,,,,,,
0.51,0.5118,2.4,,,,,,
0.51,0.5118,2.3,,,,,,
0.51,0.5118,2.4,,,,,,
0.51,0.5118,2.4,,,,,,
0.51,0.5158,2.4,,,,,,
0.51,0.5118,2.4,,,,,,
0.51,0.5118,2.4,,,,,,
0.51,0.5118,2.4,,,,,,
0.52,0.5238,2.3,,,,,,
0.52,0.5238,2.4,,,,,,
0.52,0.5238,2.4,,,,,,
0.52,0.5238,2.3,,,,,,
0.52,0.5238,2.4,,,,,,
0.52,0.5238,2.4,,,,,,
0.52,0.5238,2.3,,,,,,
0.52,0.5238,2.4,,,,,,
0.52,0.5238,2.4,,,,,,
0.52,0.5238,2.4,,,,,,
0.52,0.5238,2.4,,,,,,
0.53,0.5318,2.4,,,,,,
0.53,0.5318,2.4,,,,,,
0.53,0.5358,2.4,,,,,,
0.53,0.5318,2.4,,,,,,
0.53,0.5318,2.4,,,,,,
0.53,0.5318,2.4,,,,,,
0.53,0.5318,2.4,,,,,,
0.53,0.5318,2.4,,,,,,
0.53,0.5318,2.4,,,,,,
0.53,0.5318,2.4,,,,,,
0.53,0.5318,2.3,,,,,,
0.54,0.5438,2.4,,,,,,
0.54,0.5438,2.4,,,,,,
0.54,0.5438,2.4,,,,,,
0.54,0.5438,2.4,,,,,,
0.54,0.5438,2.4,,,,,,
0.54,0.5438,2.4,,,,,,
0.54,0.5398,2.4,,,,,,
0.54,0.5438,2.3,,,,,,
0.54,0.5438,2.4,,,,,,
0.54,0.5438,2.4,,,,,,
0.54,0.5438,2.4,,,,,,
0.55,0.5518,2.4,,,,,,
0.55,0.5518,2.3,,,,,,
0.55,0.5518,2.4,,,,,,
0.55,0.5518,2.4,,,,,,
0.55,0.5518,2.4,,,,,,
0.55,0.5518,2.4,,,,,,
0.55,0.5518,2.4,,,,,,
0.55,0.5518,2.3,,,,,,
0.55,0.5518,2.4,,,,,,
0.55,0.5518,2.3,,,,,,
0.55,0.5518,2.4,,,,,,
0.56,0.5638,2.4,,,,,,
0.56,0.5638,2.3,,,,,,
0.56,0.5638,2.4,,,,,,
0.56,0.5638,2.4,,,,,,
0.56,0.5638,2.4,,,,,,
0.56,0.5638,2.4,,,,,,
0.56,0.5638,2.3,,,,,,
0.56,0.5638,2.4,,,,,,
0.56,0.5598,2.4,,,,,,
0.56,0.5638,2.3,,,,,,
0.56,0.5638,2.3,,,,,,
0.57,0.5718,2.4,,,,,,
0.57,0.5718,2.3,,,,,,
0.57,0.5758,2.3,,,,,,
0.57,0.5718,2.3,,,,,,
0.57,0.5718,2.4,,,,,,
0.57,0.5718,2.4,,,,,,
0.57,0.5718,2.3,,,,,,
0.57,0.5718,2.4,,,,,,
0.57,0.5718,2.3,,,,,,
0.57,0.5718,2.4,,,,,,
0.57,0.5718,2.4,,,,,,
0.58,0.5798,2.4,,,,,,
0.58,0.5838,2.3,,,,,,
0.58,0.5798,2.3,,,,,,
0.58,0.5838,2.3,,,,,,
0.58,0.5838,2.3,,,,,,
0.58,0.5838,2.3,,,,,,
0.58,0.5838,2.3,,,,,,
0.58,0.5838,2.3,,,,,,
0.58,0.5798,2.4,,,,,,
0.58,0.5838,2.3,,,,,,
0.58,0.5838,2.3,,,,,,
0.59,0.5918,2.4,,,,,,
0.59,0.5958,2.3,,,,,,
0.59,0.5918,2.3,,,,,,
0.59,0.5918,2.3,,,,,,
0.59,0.5918,2.3,,,,,,
0.59,0.5918,2.3,,,,,,
0.59,0.5958,2.3,,,,,,
0.59,0.5918,2.3,,,,,,
0.59,0.5918,2.3,,,,,,
0.59,0.5918,2.3,,,,,,
0.59,0.5918,2.3,,,,,,
0.6,0.6038,2.3,,,,,,
0.6,0.6038,2.3,,,,,,
0.6,0.6038,2.3,,,,,,
0.6,0.6038,2.3,,,,,,
0.6,0.5998,2.3,,,,,,
0.6,0.6038,2.3,,,,,,
0.6,0.6038,2.3,,,,,,
0.6,0.6038,2.3,,,,,,
0.6,0.6038,2.3,,,,,,
0.6,0.6038,2.3,,,,,,
0.6,0.6038,2.3,,,,,,
0.61,0.6118,2.3,,,,,,
0.61,0.6118,2.3,,,,,,
0.61,0.6118,2.3,,,,,,
0.61,0.6118,2.3,,,,,,
0.61,0.6118,2.3,,,,,,
0.61,0.6118,2.4,,,,,,
0.61,0.6118,2.3,,,,,,
0.61,0.6118,2.3,,,,,,
0.61,0.6118,2.3,,,,,,
0.61,0.6118,2.3,,,,,,
0.61,0.6118,2.3,,,,,,
0.62,0.6238,2.3,,,,,,
0.62,0.6238,2.3,,,,,,
0.62,0.6238,2.3,,,,,,
0.62,0.6238,2.3,,,,,,
0.62,0.6198,2.3,,,,,,
0.62,0.6238,2.3,,,,,,
0.62,0.6238,2.3,,,,,,
0.62,0.6238,2.3,,,,,,
0.62,0.6238,2.4,,,,,,
0.62,0.6238,2.3,,,,,,
0.62,0.6198,2.3,,,,,,
0.63,0.6318,2.4,,,,,,
0.63,0.6318,2.3,,,,,,
0.63,0.6318,2.3,,,,,,
0.63,0.6318,2.3,,,,,,
0.63,0.6318,2.3,,,,,,
0.63,0.6318,2.3,,,,,,
0.63,0.6318,2.3,,,,,,
0.63,0.6318,2.3,,,,,,
0.63,0.6318,2.3,,,,,,
0.63,0.6318,2.3,,,,,,
0.63,0.6318,2.3,,,,,,
0.64,0.6438,2.3,,,,,,
0.64,0.6438,2.3,,,,,,
0.64,0.6438,2.3,,,,,,
0.64,0.6438,2.3,,,,,,
0.64,0.6438,2.3,,,,,,
0.64,0.6438,2.3,,,,,,
0.64,0.6438,2.3,,,,,,
0.64,0.6438,2.3,,,,,,
0.64,0.6438,2.3,,,,,,
0.64,0.6438,2.3,,,,,,
0.64,0.6438,2.3,,,,,,
0.65,0.6518,2.2,,,,,,
0.65,0.6558,2.3,,,,,,
0.65,0.6518,2.2,,,,,,
0.65,0.6518,2.3,,,,,,
0.65,0.6518,2.3,,,,,,
0.65,0.6518,2.3,,,,,,
0.65,0.6518,2.2,,,,,,
0.65,0.6518,2.2,,,,,,
0.65,0.6518,2.3,,,,,,
0.65,0.6518,2.3,,,,,,
0.65,0.6518,2.2,,,,,,
0.66,0.6638,2.2,,,,,,
0.66,0.6638,2.2,,,,,,
0.66,0.6638,2.2,,,,,,
0.66,0.6638,2.2,,,,,,
0.66,0.6638,2.3,,,,,,
0.66,0.6598,2.2,,,,,,
0.66,0.6598,2.2,,,,,,
0.66,0.6638,2.3,,,,,,
0.66,0.6638,2.3,,,,,,
0.66,0.6638,2.3,,,,,,
0.66,0.6638,2.2,,,,,,
0.67,0.6718,2.3,,,,,,
0.67,0.6718,2.3,,,,,,
0.67,0.6718,2.3,,,,,,
0.67,0.6758,2.2,,,,,,
0.67,0.6718,2.2,,,,,,
0.67,0.6718,2.3,,,,,,
0.67,0.6718,2.3,,,,,,
0.67,0.6718,2.2,,,,,,
0.67,0.6718,2.3,,,,,,
0.67,0.6718,2.2,,,,,,
0.67,0.6718,2.2,,,,,,
0.68,0.6798,2.2,,,,,,
0.68,0.6798,2.3,,,,,,
0.68,0.6838,2.2,,,,,,
0.68,0.6838,2.2,,,,,,
0.68,0.6798,2.2,,,,,,
0.68,0.6838,2.2,,,,,,
0.68,0.6838,2.3,,,,,,
0.68,0.6838,2.2,,,,,,
0.68,0.6838,2.2,,,,,,
0.68,0.6798,2.2,,,,,,
0.68,0.6838,2.2,,,,,,
0.69,0.6918,2.2,,,,,,
0.69,0.6918,2.2,,,,,,
0.69,0.6918,2.2,,,,,,
0.69,0.6918,2.2,,,,,,
0.69,0.6918,2.2,,,,,,
0.69,0.6918,2.2,,,,,,
0.69,0.6918,2.2,,,,,,
0.69,0.6958,2.3,,,,,,
0.69,0.6958,2.2,,,,,,
0.69,0.6918,2.3,,,,,,
0.69,0.6918,2.2,,,,,,
0.7,0.7038,2.2,,,,,,
0.7,0.7038,2.1,,,,,,
0.7,0.7038,2.1,,,,,,
0.7,0.7038,2.2,,,,,,
0.7,0.7038,2.2,,,,,,
0.7,0.7038,2.2,,,,,,
0.7,0.7038,2.2,,,,,,
0.7,0.7038,2.2,,,,,,
0.7,0.7038,2.1,,,,,,
0.7,0.7038,2.2,,,,,,
0.7,0.7038,2.2,,,,,,
0.71,0.7158,2.2,,,,,,
0.71,0.7118,2.2,,,,,,
0.71,0.7158,2.1,,,,,,
0.71,0.7118,2.1,,,,,,
0.71,0.7118,2.2,,,,,,
0.71,0.7118,2.1,,,,,,
0.71,0.7118,2.2,,,,,,
0.71,0.7158,2.2,,,,,,
0.71,0.7118,2.1,,,,,,
0.71,0.7118,2.1,,,,,,
0.71,0.7158,2.1,,,,,,
0.72,0.7238,2.1,,,,,,
0.72,0.7238,2.1,,,,,,
0.72,0.7238,2.2,,,,,,
0.72,0.7198,2.2,,,,,,
0.72,0.7238,2.2,,,,,,
0.72,0.7238,2.2,,,,,,
0.72,0.7238,2.1,,,,,,
0.72,0.7238,2.1,,,,,,
0.72,0.7238,2.1,,,,,,
0.72,0.7198,2.1,,,,,,
0.72,0.7238,2.1,,,,,,
0.73,0.7318,2,,,,,,
0.73,0.7358,2.1,,,,,,
0.73,0.7318,2.1,,,,,,
0.73,0.7318,2.1,,,,,,
0.73,0.7318,2.1,,,,,,
0.73,0.7318,2.1,,,,,,
0.73,0.7318,2.1,,,,,,
0.73,0.7318,2.1,,,,,,
0.73,0.7318,2.1,,,,,,
0.73,0.7318,2.1,,,,,,
0.73,0.7318,2.1,,,,,,
0.74,0.7438,2,,,,,,
0.74,0.7438,2.1,,,,,,
0.74,0.7438,2.1,,,,,,
0.74,0.7438,2.1,,,,,,
0.74,0.7438,2,,,,,,
0.74,0.7438,2.1,,,,,,
0.74,0.7438,2.1,,,,,,
0.74,0.7438,2.1,,,,,,
0.74,0.7438,2.1,,,,,,
0.74,0.7438,2.1,,,,,,
0.74,0.7438,2.1,,,,,,
0.75,0.7518,2,,,,,,
0.75,0.7518,2,,,,,,
0.75,0.7518,2,,,,,,
0.75,0.7518,2,,,,,,
0.75,0.7518,2,,,,,,
0.75,0.7518,2,,,,,,
0.75,0.7518,2,,,,,,
0.75,0.7518,2.1,,,,,,
0.75,0.7518,2,,,,,,
0.75,0.7518,2,,,,,,
0.75,0.7518,2,,,,,,
0.76,0.7638,2,,,,,,
0.76,0.7638,2,,,,,,
0.76,0.7638,2,,,,,,
0.76,0.7638,2,,,,,,
0.76,0.7638,2,,,,,,
0.76,0.7638,2,,,,,,
0.76,0.7638,2,,,,,,
0.76,0.7638,2,,,,,,
0.76,0.7638,2,,,,,,
0.76,0.7638,2,,,,,,
0.76,0.7638,2,,,,,,
0.77,0.7718,1.9,,,,,,
0.77,0.7718,2,,,,,,
0.77,0.7718,2,,,,,,
0.77,0.7718,2,,,,,,
0.77,0.7718,2,,,,,,
0.77,0.7718,2,,,,,,
0.77,0.7718,2,,,,,,
0.77,0.7718,1.9,,,,,,
0.77,0.7718,2,,,,,,
0.77,0.7718,1.9,,,,,,
0.77,0.7718,2,,,,,,
0.78,0.7838,1.9,,,,,,
0.78,0.7838,1.9,,,,,,
0.78,0.7838,1.9,,,,,,
0.78,0.7838,1.9,,,,,,
0.78,0.7838,1.9,,,,,,
0.78,0.7798,1.9,,,,,,
0.78,0.7838,1.9,,,,,,
0.78,0.7838,1.9,,,,,,
0.78,0.7838,1.9,,,,,,
0.78,0.7838,1.9,,,,,,
0.78,0.7838,1.9,,,,,,
0.79,0.7918,1.9,,,,,,
0.79,0.7918,1.9,,,,,,
0.79,0.7918,1.9,,,,,,
0.79,0.7958,1.9,,,,,,
0.79,0.7918,1.8,,,,,,
0.79,0.7918,1.8,,,,,,
0.79,0.7918,1.9,,,,,,
0.79,0.7918,1.9,,,,,,
0.79,0.7918,1.9,,,,,,
0.79,0.7918,1.9,,,,,,
0.79,0.7918,1.9,,,,,,
0.8,0.8038,1.8,,,,,,
0.8,0.8038,1.8,,,,,,
0.8,0.8038,1.8,,,,,,
0.8,0.8038,1.9,,,,,,
0.8,0.8038,1.8,,,,,,
0.8,0.8038,1.8,,,,,,
0.8,0.8038,1.8,,,,,,
0.8,0.8038,1.9,,,,,,
0.8,0.8038,1.8,,,,,,
0.8,0.8038,1.8,,,,,,
0.8,0.8038,1.8,,,,,,
0.81,0.8118,1.8,,,,,,
0.81,0.8158,1.7,,,,,,
0.81,0.8118,1.8,,,,,,
0.81,0.8158,1.8,,,,,,
0.81,0.8158,1.8,,,,,,
0.81,0.8158,1.8,,,,,,
0.81,0.8158,1.7,,,,,,
0.81,0.8118,1.8,,,,,,
0.81,0.8158,1.8,,,,,,
0.81,0.8158,1.8,,,,,,
0.81,0.8118,1.8,,,,,,
0.82,0.8238,1.7,,,,,,
0.82,0.8238,1.7,,,,,,
0.82,0.8238,1.7,,,,,,
0.82,0.8238,1.7,,,,,,
0.82,0.8238,1.7,,,,,,
0.82,0.8238,1.7,,,,,,
0.82,0.8238,1.7,,,,,,
0.82,0.8238,1.7,,,,,,
0.82,0.8238,1.8,,,,,,
0.82,0.8238,1.7,,,,,,
0.82,0.8238,1.7,,,,,,
0.83,0.8318,1.6,,,,,,
0.83,0.8358,1.7,,,,,,
0.83,0.8358,1.6,,,,,,
0.83,0.8318,1.7,,,,,,
0.83,0.8358,1.7,,,,,,
0.83,0.8318,1.6,,,,,,
0.83,0.8318,1.6,,,,,,
0.83,0.8358,1.7,,,,,,
0.83,0.8318,1.7,,,,,,
0.83,0.8358,1.6,,,,,,
0.83,0.8358,1.7,,,,,,
0.84,0.8438,1.6,,,,,,
0.84,0.8438,1.6,,,,,,
0.84,0.8438,1.6,,,,,,
0.84,0.8438,1.6,,,,,,
0.84,0.8438,1.6,,,,,,
0.84,0.8438,1.6,,,,,,
0.84,0.8438,1.6,,,,,,
0.84,0.8438,1.6,,,,,,
0.84,0.8438,1.6,,,,,,
0.84,0.8438,1.6,,,,,,
0.84,0.8438,1.6,,,,,,
0.85,0.8519,1.5,,,,,,
0.85,0.8559,1.5,,,,,,
0.85,0.8559,1.6,,,,,,
0.85,0.8519,1.5,,,,,,
0.85,0.8519,1.5,,,,,,
0.85,0.8559,1.6,,,,,,
0.85,0.8519,1.6,,,,,,
0.85,0.8558,1.5,,,,,,
0.85,0.8559,1.6,,,,,,
0.85,0.8559,1.5,,,,,,
0.85,0.8558,1.6,,,,,,
0.86,0.8639,1.5,,,,,,
0.86,0.8638,1.5,,,,,,
0.86,0.8638,1.4,,,,,,
0.86,0.8638,1.5,,,,,,
0.86,0.8639,1.4,,,,,,
0.86,0.8639,1.5,,,,,,
0.86,0.8638,1.5,,,,,,
0.86,0.8638,1.5,,,,,,
0.86,0.8639,1.4,,,,,,
0.86,0.8639,1.5,,,,,,
0.86,0.8638,1.5,,,,,,
0.87,0.8759,1.4,,,,,,
0.87,0.8759,1.4,,,,,,
0.87,0.8759,1.4,,,,,,
0.87,0.8759,1.3,,,,,,
0.87,0.8759,1.4,,,,,,
0.87,0.8759,1.3,,,,,,
0.87,0.8759,1.4,,,,,,
0.87,0.8759,1.4,,,,,,
0.87,0.8759,1.4,,,,,,
0.87,0.8759,1.4,,,,,,
0.87,0.8759,1.4,,,,,,
0.88,0.8839,1.3,,,,,,
0.88,0.8839,1.3,,,,,,
0.88,0.8839,1.3,,,,,,
0.88,0.8839,1.3,,,,,,
0.88,0.8839,1.3,,,,,,
0.88,0.8839,1.3,,,,,,
0.88,0.8839,1.3,,,,,,
0.88,0.8879,1.4,,,,,,
0.88,0.8839,1.3,,,,,,
0.88,0.8839,1.3,,,,,,
0.88,0.8839,1.3,,,,,,
0.89,0.8959,1.2,,,,,,
0.89,0.8919,1.3,,,,,,
0.89,0.8959,1.3,,,,,,
0.89,0.8959,1.2,,,,,,
0.89,0.8959,1.2,,,,,,
0.89,0.8959,1.2,,,,,,
0.89,0.8959,1.3,,,,,,
0.89,0.8959,1.3,,,,,,
0.89,0.8959,1.2,,,,,,
0.89,0.8919,1.2,,,,,,
0.89,0.8919,1.2,,,,,,
0.9,0.9039,1.2,,,,,,
0.9,0.9079,1.1,,,,,,
0.9,0.9039,1.1,,,,,,
0.9,0.9039,1.1,,,,,,
0.9,0.9039,1.1,,,,,,
0.9,0.9039,1.1,,,,,,
0.9,0.9039,1.2,,,,,,
0.9,0.9039,1.1,,,,,,
0.9,0.9039,1.2,,,,,,
0.9,0.9039,1.2,,,,,,
0.9,0.9039,1.1,,,,,,
0.91,0.9159,1.1,,,,,,
0.91,0.9159,1,,,,,,
0.91,0.9159,1.1,,,,,,
0.91,0.9159,1,,,,,,
0.91,0.9159,1.1,,,,,,
0.91,0.9159,1.1,,,,,,
0.91,0.9159,1.1,,,,,,
0.91,0.9159,1.1,,,,,,
0.91,0.9159,1.1,,,,,,
0.91,0.9159,1.1,,,,,,
0.91,0.9159,1.1,,,,,,
0.92,0.9239,1,,,,,,
0.92,0.9239,1,,,,,,
0.92,0.9239,0.9,,,,,,
0.92,0.9239,0.9,,,,,,
0.92,0.9239,0.9,,,,,,
0.92,0.9239,1,,,,,,
0.92,0.9239,1,,,,,,
0.92,0.9239,0.9,,,,,,
0.92,0.9239,1,,,,,,
0.92,0.9239,1,,,,,,
0.92,0.9239,1,,,,,,
0.93,0.9359,0.8,,,,,,
0.93,0.9359,0.8,,,,,,
0.93,0.9359,0.9,,,,,,
0.93,0.9359,0.9,,,,,,
0.93,0.9359,0.9,,,,,,
0.93,0.9359,0.9,,,,,,
0.93,0.9359,0.9,,,,,,
0.93,0.9319,0.9,,,,,,
0.93,0.9359,0.8,,,,,,
0.93,0.9359,0.9,,,,,,
0.93,0.9359,0.9,,,,,,
0.94,0.9439,0.8,,,,,,
0.94,0.9439,0.7,,,,,,
0.94,0.9439,0.7,,,,,,
0.94,0.9439,0.7,,,,,,
0.94,0.9439,0.8,,,,,,
0.94,0.9439,0.7,,,,,,
0.94,0.9439,0.7,,,,,,
0.94,0.9439,0.7,,,,,,
0.94,0.9439,0.8,,,,,,
0.94,0.9439,0.7,,,,,,
0.94,0.9439,0.7,,,,,,
0.95,0.9559,0.6,,,,,,
0.95,0.9519,0.6,,,,,,
0.95,0.9519,0.6,,,,,,
0.95,0.9559,0.6,,,,,,
0.95,0.9519,0.6,,,,,,
0.95,0.9519,0.6,,,,,,
0.95,0.9559,0.6,,,,,,
0.95,0.9519,0.6,,,,,,
0.95,0.9519,0.7,,,,,,
0.95,0.9519,0.6,,,,,,
0.95,0.9519,0.7,,,,,,
0.96,0.964,0.5,,,,,,
0.96,0.964,0.5,,,,,,
0.96,0.964,0.6,,,,,,
0.96,0.964,0.5,,,,,,
0.96,0.964,0.5,,,,,,
0.96,0.964,0.5,,,,,,
0.96,0.964,0.5,,,,,,
0.96,0.964,0.5,,,,,,
0.96,0.964,0.5,,,,,,
0.96,0.964,0.5,,,,,,
0.96,0.964,0.5,,,,,,
0.97,0.976,0.4,,,,,,
0.97,0.976,0.3,,,,,,
0.97,0.976,0.4,,,,,,
0.97,0.976,0.4,,,,,,
0.97,0.976,0.3,,,,,,
0.97,0.976,0.4,,,,,,
0.97,0.976,0.4,,,,,,
0.97,0.976,0.4,,,,,,
0.97,0.976,0.4,,,,,,
0.97,0.976,0.4,,,,,,
0.97,0.976,0.4,,,,,,
0.98,0.984,0.2,,,,,,
0.98,0.984,0.3,,,,,,
0.98,0.984,0.2,,,,,,
0.98,0.984,0.2,,,,,,
0.98,0.984,0.2,,,,,,
0.98,0.984,0.2,,,,,,
0.98,0.984,0.2,,,,,,
0.98,0.984,0.2,,,,,,
0.98,0.984,0.2,,,,,,
0.98,0.984,0.2,,,,,,
0.98,0.988,0.2,,,,,,
0.99,0.996,0.1,,,,,,
0.99,0.996,0.1,,,,,,
0.99,0.996,,,,,,,
0.99,0.996,0.1,,,,,,
0.99,0.996,0.1,,,,,,
0.99,0.996,0.1,,,,,,
0.99,0.996,0.1,,,,,,
0.99,0.996,,,,,,,
0.99,0.996,0.1,,,,,,
0.99,0.996,0.1,,,,,,
0.99,0.992,0.1,,,,,,
1,1.008,,,,,,,
1,1.004,-0.1,,,,,,
1,1.004,-0.1,,,,,,
1,1.004,,,,,,,
1,1.004,-0.1,,,,,,
1,1.004,-0.1,,,,,,
1,1.004,-0.1,,,,,,
1,1.004,-0.1,,,,,,
1,1.004,,,,,,,
1,1.004,-0.1,,,,,,
1,1.004,-0.1,,,,,,
1.01,1.016,-0.2,,,,,,
1.01,1.016,-0.3,,,,,,
1.01,1.016,-0.2,,,,,,
1.01,1.016,-0.2,,,,,,
1.01,1.016,-0.2,,,,,,
1.01,1.016,-0.3,,,,,,
1.01,1.016,-0.2,,,,,,
1.01,1.016,-0.3,,,,,,
1.01,1.016,-0.2,,,,,,
1.01,1.016,-0.2,,,,,,
1.01,1.016,-0.3,,,,,,
1.02,1.024,-0.4,,,,,,
1.02,1.024,-0.4,,,,,,
1.02,1.024,-0.4,,,,,,
1.02,1.024,-0.4,,,,,,
1.02,1.024,-0.4,,,,,,
1.02,1.024,-0.4,,,,,,
1.02,1.024,-0.4,,,,,,
1.02,1.024,-0.4,,,,,,
1.02,1.024,-0.4,,,,,,
1.02,1.024,-0.4,,,,,,
1.02,1.024,-0.4,,,,,,
1.03,1.0361,-0.6,,,,,,
1.03,1.0361,-0.6,,,,,,
1.03,1.0361,-0.6,,,,,,
1.03,1.0361,-0.6,,,,,,
1.03,1.0361,-0.6,,,,,,
1.03,1.0321,-0.6,,,,,,
1.03,1.0361,-0.6,,,,,,
1.03,1.0361,-0.6,,,,,,
1.03,1.0321,-0.6,,,,,,
1.03,1.0321,-0.6,,,,,,
1.03,1.0361,-0.6,,,,,,
1.04,1.0441,-0.8,,,,,,
1.04,1.0441,-0.8,,,,,,
1.04,1.0441,-0.8,,,,,,
1.04,1.0441,-0.8,,,,,,
1.04,1.0441,-0.8,,,,,,
1.04,1.0441,-0.8,,,,,,
1.04,1.0441,-0.8,,,,,,
1.04,1.0441,-0.8,,,,,,
1.04,1.0441,-0.8,,,,,,
1.04,1.0441,-0.7,,,,,,
1.04,1.0441,-0.7,,,,,,
1.05,1.0521,-1,,,,,,
1.05,1.0521,-1,,,,,,
1.05,1.0521,-1,,,,,,
1.05,1.0521,-1,,,,,,
1.05,1.0521,-1,,,,,,
1.05,1.0521,-0.9,,,,,,
1.05,1.0561,-1,,,,,,
1.05,1.0521,-1,,,,,,
1.05,1.0561,-1,,,,,,
1.05,1.0521,-1,,,,,,
1.05,1.0521,-0.9,,,,,,
1.06,1.0641,-1.2,,,,,,
1.06,1.0641,-1.2,,,,,,
1.06,1.0641,-1.2,,,,,,
1.06,1.0641,-1.1,,,,,,
1.06,1.0641,-1.2,,,,,,
1.06,1.0641,-1.2,,,,,,
1.06,1.0641,-1.2,,,,,,
1.06,1.0641,-1.2,,,,,,
1.06,1.0641,-1.2,,,,,,
1.06,1.0641,-1.1,,,,,,
1.06,1.0641,-1.1,,,,,,
1.07,1.0721,-1.4,,,,,,
1.07,1.0721,-1.4,,,,,,
1.07,1.0721,-1.4,,,,,,
1.07,1.0721,-1.4,,,,,,
1.07,1.0761,-1.3,,,,,,
1.07,1.0761,-1.4,,,,,,
1.07,1.0721,-1.4,,,,,,
1.07,1.0721,-1.4,,,,,,
1.07,1.0761,-1.4,,,,,,
1.07,1.0761,-1.4,,,,,,
1.07,1.0761,-1.4,,,,,,
1.08,1.0842,-1.6,,,,,,
1.08,1.0842,-1.6,,,,,,
1.08,1.0842,-1.5,,,,,,
1.08,1.0842,-1.6,,,,,,
1.08,1.0842,-1.7,,,,,,
1.08,1.0842,-1.6,,,,,,
1.08,1.0842,-1.6,,,,,,
1.08,1.0842,-1.6,,,,,,
1.08,1.0842,-1.6,,,,,,
1.08,1.0842,-1.6,,,,,,
1.08,1.0842,-1.7,,,,,,
1.09,1.0962,-1.9,,,,,,
1.09,1.0922,-1.9,,,,,,
1.09,1.0962,-1.8,,,,,,
1.09,1.0922,-1.8,,,,,,
1.09,1.0962,-1.9,,,,,,
1.09,1.0922,-1.8,,,,,,
1.09,1.0922,-1.8,,,,,,
1.09,1.0922,-1.9,,,,,,
1.09,1.0922,-1.8,,,,,,
1.09,1.0962,-1.8,,,,,,
1.09,1.0922,-1.9,,,,,,
1.1,1.1042,-2.1,,,,,,
1.1,1.1042,-2.1,,,,,,
1.1,1.1042,-2.1,,,,,,
1.1,1.1042,-2,,,,,,
1.1,1.1042,-2.1,,,,,,
1.1,1.1042,-2,,,,,,
1.1,1.1042,-2.1,,,,,,
1.1,1.1042,-2,,,,,,
1.1,1.1042,-2.1,,,,,,
1.1,1.1042,-2.1,,,,,,
1.1,1.1042,-2.1,,,,,,
1.11,1.1162,-2.3,,,,,,
1.11,1.1122,-2.3,,,,,,
1.11,1.1162,-2.3,,,,,,
1.11,1.1122,-2.3,,,,,,
1.11,1.1122,-2.3,,,,,,
1.11,1.1122,-2.3,,,,,,
1.11,1.1122,-2.4,,,,,,
1.11,1.1122,-2.3,,,,,,
1.11,1.1162,-2.3,,,,,,
1.11,1.1122,-2.3,,,,,,
1.11,1.1122,-2.4,,,,,,
1.12,1.1243,-2.5,,,,,,
1.12,1.1243,-2.6,,,,,,
1.12,1.1243,-2.6,,,,,,
1.12,1.1243,-2.6,,,,,,
1.12,1.1243,-2.5,,,,,,
1.12,1.1243,-2.6,,,,,,
1.12,1.1243,-2.5,,,,,,
1.12,1.1243,-2.6,,,,,,
1.12,1.1243,-2.6,,,,,,
1.12,1.1203,-2.5,,,,,,
1.12,1.1243,-2.5,,,,,,
1.13,1.1323,-2.8,,,,,,
1.13,1.1323,-2.8,,,,,,
1.13,1.1323,-2.8,,,,,,
1.13,1.1323,-2.8,,,,,,
1.13,1.1363,-2.8,,,,,,
1.13,1.1363,-2.8,,,,,,
1.13,1.1323,-2.8,,,,,,
1.13,1.1323,-2.8,,,,,,
1.13,1.1323,-2.8,,,,,,
1.13,1.1323,-2.8,,,,,,
1.13,1.1363,-2.8,,,,,,
1.14,1.1443,-3,,,,,,
1.14,1.1443,-3.1,,,,,,
1.14,1.1443,-3.1,,,,,,
1.14,1.1443,-3.1,,,,,,
1.14,1.1403,-3.1,,,,,,
1.14,1.1443,-3,,,,,,
1.14,1.1443,-3.1,,,,,,
1.14,1.1443,-3.1,,,,,,
1.14,1.1443,-3.1,,,,,,
1.14,1.1443,-3.1,,,,,,
1.14,1.1443,-3.1,,,,,,
1.15,1.1523,-3.4,,,,,,
1.15,1.1523,-3.4,,,,,,
1.15,1.1523,-3.4,,,,,,
1.15,1.1523,-3.4,,,,,,
1.15,1.1523,-3.4,,,,,,
1.15,1.1523,-3.4,,,,,,
1.15,1.1523,-3.4,,,,,,
1.15,1.1523,-3.4,,,,,,
1.15,1.1523,-3.4,,,,,,
1.15,1.1523,-3.4,,,,,,
1.15,1.1523,-3.3,,,,,,
1.16,1.1644,-3.7,,,,,,
1.16,1.1644,-3.6,,,,,,
1.16,1.1644,-3.6,,,,,,
1.16,1.1644,-3.7,,,,,,
1.16,1.1644,-3.6,,,,,,
1.16,1.1644,-3.6,,,,,,
1.16,1.1644,-3.6,,,,,,
1.16,1.1644,-3.6,,,,,,
1.16,1.1644,-3.6,,,,,,
1.16,1.1644,-3.6,,,,,,
1.16,1.1644,-3.7,,,,,,
1.17,1.1724,-3.9,,,,,,
1.17,1.1724,-4,,,,,,
1.17,1.1724,-3.9,,,,,,
1.17,1.1724,-3.9,,,,,,
1.17,1.1724,-3.9,,,,,,
1.17,1.1724,-3.9,,,,,,
1.17,1.1724,-3.9,,,,,,
1.17,1.1724,-3.9,,,,,,
1.17,1.1724,-3.9,,,,,,
1.17,1.1724,-4,,,,,,
1.17,1.1724,-3.9,,,,,,
1.18,1.1804,-4.2,,,,,,
1.18,1.1844,-4.3,,,,,,
1.18,1.1844,-4.2,,,,,,
1.18,1.1844,-4.2,,,,,,
1.18,1.1844,-4.2,,,,,,
1.18,1.1844,-4.2,,,,,,
1.18,1.1844,-4.3,,,,,,
1.18,1.1844,-4.2,,,,,,
1.18,1.1844,-4.2,,,,,,
1.18,1.1844,-4.3,,,,,,
1.18,1.1844,-4.2,,,,,,
1.19,1.1925,-4.5,,,,,,
1.19,1.1925,-4.5,,,,,,
1.19,1.1925,-4.5,,,,,,
1.19,1.1925,-4.5,,,,,,
1.19,1.1925,-4.5,,,,,,
1.19,1.1925,-4.6,,,,,,
1.19,1.1925,-4.5,,,,,,
1.19,1.1965,-4.5,,,,,,
1.19,1.1925,-4.5,,,,,,
1.19,1.1925,-4.6,,,,,,
1.19,1.1925,-4.6,,,,,,
