Voltage Range (V): ,0.9,None,None,None,None,None,None,None,None,None,None,None,None,None,None,None,None,None,None,None,None,None,None,None,None
Voltage Step Size (V): ,0.01,None,None,None,None,None,None,None,None,None,None,None,None,None,None,None,None,None,None,None,None,None,None,None,None
Voltage Read Count: ,1,None,None,None,None,None,None,None,None,None,None,None,None,None,None,None,None,None,None,None,None,None,None,None,None
Voltage Delay Time (ms): ,20,None,None,None,None,None,None,None,None,None,None,None,None,None,None,None,None,None,None,None,None,None,None,None,None
Voltage Measurement Time (Hrs): ,600,None,None,None,None,None,None,None,None,None,None,None,None,None,None,None,None,None,None,None,None,None,None,None,None
Start Date: ,Oct-26-2023 14_48_41,None,None,None,None,None,None,None,None,None,None,None,None,None,None,None,None,None,None,None,None,None,None,None,None
Time,Pixel 0_0 V,Pixel 0_0 mA,Pixel 0_1 V,Pixel 0_1 mA,Pixel 0_2 V,Pixel 0_2 mA,Pixel 0_3 V,Pixel 0_3 mA,Pixel 0_4 V,Pixel 0_4 mA,Pixel 0_5 V,Pixel 0_5 mA,Pixel 0_6 V,Pixel 0_6 mA,Pixel 0_7 V,Pixel 0_7 mA,Pixel 0_0 PCE,Pixel 0_1 PCE,Pixel 0_2 PCE,Pixel 0_3 PCE,Pixel 0_4 PCE,Pixel 0_5 PCE,Pixel 0_6 PCE,Pixel 0_7 PCE,ARUDUINOID
0.3410, -0.00, 0.00, 0.01, 0.05, -0.00, 0.05, -0.00, 0.05, 0.01, 0.00, -0.01, 3511.90, 0.31, 0.14, 0.11, 0.04, 589795776.0000, 0.0025, -0.1605, -0.0000, -5003249.0000, nan, 0.1067, 0.0341, 1
0.6940, -0.00, 0.00, 0.02, 0.08, 0.01, 0.08, 0.01, 0.12, 0.01, 0.00, -0.01, 1756.05, 0.16, 0.12, 0.05, 0.07, 294897888.0000, 0.0059, -0.0771, 0.0094, -2501624.5000, nan, 0.0534, 0.0170, 1
1.0470, -0.00, 0.00, 0.03, 0.09, 0.02, 0.09, 0.03, 0.16, 0.03, 0.00, -0.00, 878.03, 0.08, 0.11, 0.03, 0.14, 147448944.0000, 0.0123, -0.0307, 0.0203, -1250812.2500, nan, 0.0267, 0.0085, 1
1.3990, -0.00, 0.00, 0.03, 0.09, 0.02, 0.14, 0.03, 0.08, 0.05, 0.00, -0.00, 439.11, 0.04, 0.10, 0.01, 0.07, 73724472.0000, 0.0109, -0.0091, 0.0101, -625406.1250, nan, 0.0133, 0.0043, 1
1.7520, -0.00, 0.00, 0.04, 0.15, 0.03, 0.07, 0.04, 0.09, 0.07, 0.00, -0.00, 219.61, 0.02, 0.10, 0.01, 0.03, 36862236.0000, 0.0226, -0.0046, 0.0129, -312703.0625, nan, 0.0067, 0.0021, 1
2.1040, -0.00, 0.00, 0.04, 0.12, 0.04, 0.14, 0.06, 0.10, 0.08, 0.00, -0.00, 109.85, 0.02, 0.05, 0.03, 0.02, 18431118.0000, 0.0191, 0.0212, 0.0236, -156351.5312, nan, 0.0033, 0.0011, 1
2.4570, -0.00, 0.00, 0.05, 0.11, 0.05, 0.07, 0.08, 0.05, 0.11, 0.00, -0.00, 55.03, 0.02, 0.13, 0.05, 0.01, 9215559.0000, 0.0236, 0.0106, 0.0118, -78175.7656, nan, 0.0142, 0.0005, 1
2.8100, -0.00, 0.00, 0.07, 0.06, 0.07, 0.08, 0.10, 0.07, 0.12, 0.00, -0.00, 27.61, 0.03, 0.11, 0.07, 0.00, 4607779.5000, 0.0118, 0.0209, 0.0309, -39087.8828, nan, 0.0133, 0.0003, 1
3.1620, -0.00, 0.00, 0.09, 0.08, 0.07, 0.04, 0.12, 0.14, 0.13, 0.00, -0.00, 13.86, 0.03, 0.11, 0.07, 0.00, 2303889.7500, 0.0278, 0.0105, 0.0717, -19543.9414, nan, 0.0129, 0.0001, 1
3.5140, -0.00, 0.00, 0.10, 0.04, 0.08, 0.07, 0.13, 0.17, 0.12, 0.00, -0.00, 6.98, 0.04, 0.05, 0.07, 0.05, 1151944.8750, 0.0139, 0.0209, 0.0921, -9771.9707, nan, 0.0065, 0.0157, 1
3.8680, -0.00, 0.00, 0.11, 0.12, 0.10, 0.14, 0.14, 0.08, 0.12, 0.00, -0.00, 3.54, 0.06, 0.03, 0.08, 0.08, 575972.4375, 0.0538, 0.0573, 0.0460, -4885.9853, nan, 0.0032, 0.0250, 1
4.2200, -0.00, 0.00, 0.12, 0.11, 0.12, 0.17, 0.15, 0.09, 0.14, 0.05, -0.00, 1.82, 0.07, 0.11, 0.08, 0.04, 287986.2187, 0.0519, 0.0833, 0.0543, -2442.9631, nan, 0.0375, 0.0125, 1
4.5730, -0.00, 0.00, 0.14, 0.15, 0.13, 0.13, 0.16, 0.10, 0.15, 0.03, -0.00, 0.96, 0.09, 0.11, 0.09, 0.02, 143993.1093, 0.0853, 0.0698, 0.0599, -1221.4815, nan, 0.0406, 0.0063, 1
4.9260, -0.00, 0.00, 0.14, 0.18, 0.14, 0.12, 0.17, 0.10, 0.17, 0.01, -0.00, 0.48, 0.09, 0.10, 0.09, 0.11, 71996.5546, 0.1020, 0.0630, 0.0628, -610.7408, nan, 0.0375, 0.0359, 1
5.2780, -0.00, 0.00, 0.15, 0.14, 0.13, 0.11, 0.17, 0.10, 0.19, 0.01, -0.00, 0.29, 0.09, 0.10, 0.09, 0.10, 35998.2773, 0.0807, 0.0549, 0.0673, -305.3704, nan, 0.0359, 0.0352, 1
5.6310, -0.00, 0.00, 0.15, 0.12, 0.13, 0.10, 0.19, 0.10, 0.21, 0.00, -0.00, 0.19, 0.09, 0.05, 0.09, 0.05, 17999.1386, 0.0700, 0.0509, 0.0743, -152.6852, nan, 0.0180, 0.0176, 1
5.9830, -0.00, 0.00, 0.14, 0.11, 0.13, 0.15, 0.19, 0.05, 0.21, 0.00, -0.00, 0.15, 0.08, 0.08, 0.10, 0.03, 8999.5693, 0.0616, 0.0723, 0.0371, -76.3426, nan, 0.0230, 0.0088, 1
6.3360, -0.00, 0.00, 0.15, 0.15, 0.12, 0.18, 0.20, 0.12, 0.22, 0.00, -0.00, 0.17, 0.08, 0.09, 0.09, 0.01, 4499.7846, 0.0902, 0.0830, 0.0983, -38.1713, nan, 0.0287, 0.0044, 1
6.6880, -0.00, 0.00, 0.15, 0.18, 0.12, 0.14, 0.19, 0.11, 0.21, 0.05, -0.00, 0.14, 0.10, 0.09, 0.08, 0.06, 2249.8923, 0.1044, 0.0650, 0.0851, -19.0450, nan, 0.0347, 0.0147, 1
7.0400, -0.00, 0.00, 0.15, 0.19, 0.11, 0.17, 0.20, 0.16, 0.22, 0.08, -0.00, 0.12, 0.10, 0.05, 0.08, 0.03, 1124.9461, 0.1116, 0.0731, 0.1238, -9.4772, nan, 0.0173, 0.0073, 1
7.3930, -0.00, 0.05, 0.15, 0.14, 0.11, 0.13, 0.20, 0.13, 0.24, 0.04, -0.00, 0.11, 0.11, 0.12, 0.07, 0.01, 562.4731, 0.0855, 0.0569, 0.1025, -4.7386, nan, 0.0524, 0.0037, 1
7.7460, -0.00, 0.03, 0.15, 0.12, 0.11, 0.12, 0.20, 0.16, 0.23, 0.02, -0.00, 0.05, 0.11, 0.11, 0.08, 0.01, 281.2366, 0.0724, 0.0487, 0.1325, -2.3693, nan, 0.0481, 0.0018, 1
8.0980, -0.00, 0.01, 0.15, 0.16, 0.10, 0.06, 0.21, 0.08, 0.22, 0.01, -0.00, 0.13, 0.11, 0.16, 0.07, 0.05, 140.6183, 0.0956, 0.0244, 0.0663, -1.1846, nan, 0.0678, 0.0134, 1
8.4500, -0.00, 0.01, 0.15, 0.13, 0.11, 0.03, 0.21, 0.14, 0.22, 0.00, -0.00, 0.16, 0.11, 0.08, 0.08, 0.03, 70.3091, 0.0775, 0.0122, 0.1175, -0.5923, nan, 0.0339, 0.0067, 1
8.8020, -0.00, 0.05, 0.15, 0.17, 0.11, 0.06, 0.22, 0.07, 0.21, 0.00, -0.00, 0.13, 0.11, 0.09, 0.07, 0.01, 35.1546, 0.0981, 0.0264, 0.0588, -0.2962, nan, 0.0388, 0.0034, 1
9.1550, -0.00, 0.03, 0.15, 0.18, 0.11, 0.08, 0.23, 0.14, 0.22, 0.00, -0.00, 0.12, 0.12, 0.04, 0.08, 0.01, 17.5773, 0.1084, 0.0366, 0.1247, -0.1481, nan, 0.0194, 0.0017, 1
9.5070, -0.00, 0.01, 0.15, 0.19, 0.11, 0.09, 0.24, 0.17, 0.23, 0.00, -0.00, 0.11, 0.13, 0.07, 0.10, 0.00, 8.7886, 0.1136, 0.0339, 0.1561, -0.0740, nan, 0.0394, 0.0008, 1
9.8590, -0.00, 0.01, 0.15, 0.15, 0.13, 0.10, 0.24, 0.13, 0.25, 0.00, -0.00, 0.15, 0.15, 0.04, 0.09, 0.00, 4.3943, 0.0865, 0.0482, 0.1265, -0.0370, nan, 0.0197, 0.0004, 1
10.2110, -0.00, 0.05, 0.15, 0.07, 0.14, 0.10, 0.24, 0.12, 0.26, 0.05, -0.00, 0.13, 0.17, 0.07, 0.08, 0.05, 2.1972, 0.0432, 0.0522, 0.1117, 0.0331, nan, 0.0473, 0.0127, 1
10.5640, -0.00, 0.03, 0.14, 0.04, 0.13, 0.10, 0.23, 0.16, 0.27, 0.03, -0.00, 0.16, 0.19, 0.08, 0.08, 0.08, 1.0986, 0.0216, 0.0496, 0.1433, 0.0165, nan, 0.0643, 0.0235, 1
10.9160, -0.00, 0.01, 0.14, 0.12, 0.12, 0.10, 0.22, 0.13, 0.28, 0.01, -0.00, 0.13, 0.20, 0.04, 0.07, 0.09, 0.5493, 0.0639, 0.0482, 0.1123, 0.0083, nan, 0.0321, 0.0243, 1
11.2680, -0.00, 0.01, 0.15, 0.16, 0.13, 0.10, 0.22, 0.11, 0.27, 0.01, -0.00, 0.12, 0.21, 0.07, 0.08, 0.04, 0.2746, 0.0976, 0.0460, 0.0999, 0.0041, nan, 0.0614, 0.0121, 1
11.6200, -0.00, 0.00, 0.16, 0.13, 0.13, 0.15, 0.22, 0.11, 0.28, 0.00, -0.00, 0.11, 0.22, 0.04, 0.09, 0.07, 0.1373, 0.0832, 0.0777, 0.0921, 0.0021, nan, 0.0307, 0.0264, 1
11.9730, -0.00, 0.00, 0.17, 0.16, 0.13, 0.12, 0.22, 0.10, 0.27, 0.00, -0.00, 0.10, 0.21, 0.07, 0.11, 0.04, 0.0687, 0.1103, 0.0638, 0.0898, 0.0010, nan, 0.0560, 0.0132, 1
12.3260, 0.00, 0.00, 0.17, 0.18, 0.15, 0.16, 0.23, 0.10, 0.26, 0.05, -0.00, 0.15, 0.21, 0.03, 0.11, 0.02, 0.0343, 0.1223, 0.0944, 0.0887, 0.0490, nan, 0.0280, 0.0066, 1
12.6780, 0.00, 0.05, 0.17, 0.09, 0.15, 0.08, 0.22, 0.10, 0.24, 0.03, -0.00, 0.18, 0.20, 0.02, 0.10, 0.01, 0.0172, 0.0612, 0.0472, 0.0849, 0.0245, nan, 0.0140, 0.0033, 1
13.0290, 0.00, 0.03, 0.17, 0.05, 0.18, 0.04, 0.22, 0.10, 0.23, 0.06, 0.00, 0.14, 0.20, 0.06, 0.09, 0.00, 0.0086, 0.0306, 0.0236, 0.0862, 0.0529, nan, 0.0476, 0.0016, 1
13.3820, 0.00, 0.01, 0.18, 0.12, 0.18, 0.02, 0.21, 0.15, 0.21, 0.03, 0.00, 0.12, 0.20, 0.08, 0.09, 0.05, 0.0043, 0.0903, 0.0118, 0.1244, 0.0264, nan, 0.0613, 0.0180, 1
13.7340, 0.00, 0.01, 0.19, 0.16, 0.17, 0.06, 0.21, 0.13, 0.19, 0.02, 0.00, 0.16, 0.19, 0.04, 0.10, 0.03, 0.0021, 0.1201, 0.0372, 0.1028, 0.0132, nan, 0.0307, 0.0090, 1
14.0860, 0.00, 0.00, 0.19, 0.18, 0.17, 0.03, 0.21, 0.11, 0.19, 0.01, 0.00, 0.18, 0.19, 0.07, 0.10, 0.06, 0.0011, 0.1351, 0.0186, 0.0905, 0.0066, nan, 0.0528, 0.0248, 1
14.4380, 0.00, 0.00, 0.19, 0.14, 0.19, 0.07, 0.21, 0.11, 0.20, 0.05, 0.00, 0.14, 0.19, 0.08, 0.10, 0.08, 0.0005, 0.1050, 0.0484, 0.0827, 0.0439, nan, 0.0639, 0.0296, 1
14.7910, 0.00, 0.00, 0.19, 0.07, 0.19, 0.13, 0.21, 0.10, 0.21, 0.08, 0.00, 0.12, 0.19, 0.14, 0.08, 0.14, 0.0003, 0.0525, 0.0961, 0.0820, 0.0657, nan, 0.1054, 0.0398, 1
15.1440, 0.00, 0.00, 0.19, 0.09, 0.19, 0.07, 0.20, 0.05, 0.22, 0.04, 0.00, 0.11, 0.19, 0.12, 0.07, 0.12, 0.0001, 0.0638, 0.0480, 0.0410, 0.0329, nan, 0.0902, 0.0324, 1
15.4950, 0.00, 0.00, 0.20, 0.09, 0.18, 0.08, 0.18, 0.08, 0.21, 0.02, 0.00, 0.15, 0.20, 0.06, 0.05, 0.06, 0.0001, 0.0694, 0.0584, 0.0533, 0.0164, nan, 0.0451, 0.0162, 1
15.8480, 0.00, 0.00, 0.21, 0.10, 0.19, 0.14, 0.18, 0.14, 0.20, 0.01, 0.00, 0.13, 0.19, 0.08, 0.04, 0.03, 0.0000, 0.0769, 0.1073, 0.0985, 0.0082, nan, 0.0585, 0.0081, 1
16.2000, 0.00, 0.00, 0.21, 0.15, 0.19, 0.12, 0.18, 0.07, 0.19, 0.00, 0.00, 0.11, 0.19, 0.04, 0.02, 0.02, 0.0000, 0.1212, 0.0927, 0.0493, 0.0041, nan, 0.0292, 0.0040, 1
16.5520, 0.00, 0.00, 0.21, 0.17, 0.19, 0.06, 0.19, 0.08, 0.19, 0.00, -0.00, 0.06, 0.19, 0.07, 0.02, 0.06, 0.0000, 0.1419, 0.0464, 0.0653, 0.0021, nan, 0.0521, 0.0067, 1
16.9040, 0.00, 0.05, 0.21, 0.19, 0.21, 0.08, 0.21, 0.04, 0.18, 0.00, -0.00, 0.08, 0.19, 0.04, 0.01, 0.03, 0.0000, 0.1537, 0.0669, 0.0326, 0.0010, nan, 0.0261, 0.0034, 1
17.2570, 0.00, 0.03, 0.21, 0.19, 0.22, 0.14, 0.21, 0.07, 0.16, 0.00, -0.00, 0.09, 0.19, 0.12, 0.01, 0.01, 0.0000, 0.1581, 0.1256, 0.0569, 0.0005, nan, 0.0880, 0.0017, 1
17.6080, 0.00, 0.01, 0.21, 0.15, 0.22, 0.17, 0.20, 0.14, 0.14, 0.00, -0.00, 0.09, 0.20, 0.11, 0.01, 0.01, 0.0000, 0.1197, 0.1488, 0.1003, 0.0003, nan, 0.0846, 0.0008, 1
17.9600, 0.00, 0.06, 0.21, 0.12, 0.22, 0.14, 0.19, 0.17, 0.13, 0.00, -0.00, 0.05, 0.20, 0.10, 0.02, 0.05, 0.0000, 0.1020, 0.1181, 0.1220, 0.0001, nan, 0.0829, 0.0051, 1
18.3120, 0.00, 0.03, 0.21, 0.11, 0.22, 0.07, 0.19, 0.13, 0.11, 0.00, -0.00, 0.07, 0.20, 0.10, 0.03, 0.08, 0.0000, 0.0916, 0.0591, 0.0970, 0.0001, nan, 0.0821, 0.0104, 1
18.6650, -0.00, 0.01, 0.22, 0.16, 0.23, 0.03, 0.19, 0.12, 0.11, 0.00, -0.00, 0.04, 0.22, 0.05, 0.05, 0.04, 0.0000, 0.1364, 0.0295, 0.0844, 0.0000, nan, 0.0410, 0.0052, 1
19.0170, -0.00, 0.06, 0.23, 0.18, 0.25, 0.02, 0.19, 0.11, 0.10, 0.00, -0.00, 0.07, 0.23, 0.03, 0.07, 0.02, 0.0000, 0.1588, 0.0148, 0.0781, 0.0000, nan, 0.0205, 0.0026, 1
19.3690, -0.00, 0.03, 0.23, 0.19, 0.26, 0.11, 0.20, 0.15, 0.10, 0.00, -0.00, 0.08, 0.24, 0.11, 0.09, 0.06, 0.0000, 0.1685, 0.1152, 0.1188, 0.0000, nan, 0.1103, 0.0216, 1
19.7200, -0.00, 0.01, 0.23, 0.19, 0.27, 0.10, 0.20, 0.13, 0.10, 0.00, -0.00, 0.09, 0.25, 0.11, 0.11, 0.03, 0.0000, 0.1749, 0.1123, 0.1000, 0.0000, nan, 0.1036, 0.0108, 1
20.0740, 0.00, 0.01, 0.23, 0.20, 0.27, 0.15, 0.21, 0.11, 0.10, 0.00, -0.00, 0.10, 0.25, 0.10, 0.13, 0.11, 0.0000, 0.1749, 0.1593, 0.0922, 0.0000, nan, 0.1002, 0.0617, 1
20.4260, 0.02, 0.00, 0.23, 0.15, 0.27, 0.13, 0.23, 0.16, 0.12, 0.00, -0.00, 0.10, 0.25, 0.05, 0.13, 0.06, 0.0000, 0.1328, 0.1312, 0.1398, 0.0000, nan, 0.0501, 0.0308, 1
20.7780, 0.03, 0.00, 0.23, 0.17, 0.27, 0.06, 0.23, 0.18, 0.13, 0.00, -0.00, 0.10, 0.25, 0.13, 0.14, 0.13, 0.0000, 0.1570, 0.0656, 0.1621, 0.0000, nan, 0.1219, 0.0717, 1
21.1300, 0.05, 0.00, 0.23, 0.19, 0.27, 0.13, 0.24, 0.09, 0.15, 0.05, -0.00, 0.10, 0.25, 0.06, 0.13, 0.06, 0.0000, 0.1691, 0.1390, 0.0811, 0.0313, nan, 0.0610, 0.0358, 1
21.4830, 0.05, 0.00, 0.23, 0.14, 0.27, 0.12, 0.24, 0.04, 0.16, 0.03, -0.00, 0.10, 0.26, 0.08, 0.12, 0.03, 0.0000, 0.1299, 0.1195, 0.0405, 0.0156, nan, 0.0820, 0.0179, 1
21.8360, 0.04, 0.00, 0.23, 0.12, 0.26, 0.06, 0.25, 0.12, 0.19, 0.01, -0.00, 0.15, 0.26, 0.04, 0.12, 0.07, 0.0000, 0.1102, 0.0598, 0.1234, 0.0078, nan, 0.0410, 0.0340, 1
22.1880, 0.05, 0.00, 0.24, 0.11, 0.27, 0.13, 0.25, 0.11, 0.19, 0.01, -0.00, 0.12, 0.27, 0.07, 0.14, 0.03, 0.0000, 0.1051, 0.1393, 0.1086, 0.0039, nan, 0.0768, 0.0170, 1
22.5400, 0.06, 0.00, 0.26, 0.11, 0.27, 0.11, 0.24, 0.16, 0.20, 0.00, -0.00, 0.11, 0.27, 0.09, 0.13, 0.02, 0.0000, 0.1057, 0.1196, 0.1418, 0.0020, nan, 0.0899, 0.0085, 1
22.8930, 0.05, 0.00, 0.26, 0.05, 0.26, 0.06, 0.23, 0.18, 0.21, 0.00, -0.00, 0.16, 0.27, 0.04, 0.12, 0.01, 0.0000, 0.0528, 0.0598, 0.1584, 0.0010, nan, 0.0450, 0.0042, 1
23.2450, 0.04, 0.00, 0.28, 0.13, 0.27, 0.03, 0.22, 0.19, 0.21, 0.05, -0.00, 0.13, 0.26, 0.02, 0.10, 0.00, 0.0000, 0.1389, 0.0299, 0.1636, 0.0411, nan, 0.0225, 0.0021, 1
23.5970, 0.03, 0.00, 0.28, 0.11, 0.26, 0.01, 0.22, 0.19, 0.20, 0.03, 0.00, 0.11, 0.24, 0.01, 0.08, 0.00, 0.0000, 0.1241, 0.0150, 0.1693, 0.0206, nan, 0.0112, 0.0011, 1
23.9490, 0.01, 0.00, 0.28, 0.16, 0.26, 0.06, 0.22, 0.15, 0.20, 0.06, 0.00, 0.11, 0.24, 0.06, 0.09, 0.10, 0.0000, 0.1746, 0.0622, 0.1284, 0.0509, nan, 0.0541, 0.0349, 1
24.3020, 0.01, 0.00, 0.29, 0.13, 0.26, 0.08, 0.23, 0.07, 0.20, 0.03, 0.00, 0.05, 0.25, 0.03, 0.10, 0.05, 0.0000, 0.1435, 0.0811, 0.0642, 0.0255, nan, 0.0270, 0.0175, 1
24.6540, 0.02, 0.00, 0.29, 0.11, 0.27, 0.04, 0.23, 0.14, 0.18, 0.02, 0.00, 0.13, 0.27, 0.01, 0.11, 0.03, 0.0000, 0.1280, 0.0405, 0.1196, 0.0127, nan, 0.0135, 0.0087, 1
25.0060, 0.04, 0.00, 0.30, 0.11, 0.27, 0.02, 0.23, 0.12, 0.18, 0.01, 0.00, 0.16, 0.29, 0.01, 0.13, 0.06, 0.0000, 0.1249, 0.0203, 0.1035, 0.0064, nan, 0.0068, 0.0325, 1
25.3590, 0.05, 0.05, 0.31, 0.15, 0.27, 0.06, 0.24, 0.06, 0.19, 0.00, 0.00, 0.13, 0.30, 0.00, 0.15, 0.03, 0.0141, 0.1843, 0.0648, 0.0518, 0.0032, nan, 0.0034, 0.0162, 1
25.7120, 0.07, 0.03, 0.32, 0.18, 0.29, 0.08, 0.27, 0.13, 0.20, 0.00, 0.00, 0.17, 0.31, 0.00, 0.15, 0.07, 0.0070, 0.2203, 0.0918, 0.1384, 0.0016, nan, 0.0017, 0.0378, 1
26.0640, 0.07, 0.06, 0.32, 0.19, 0.30, 0.04, 0.28, 0.16, 0.22, 0.00, 0.00, 0.18, 0.30, 0.00, 0.14, 0.08, 0.0176, 0.2398, 0.0459, 0.1848, 0.0008, nan, 0.0008, 0.0439, 1
26.4160, 0.06, 0.03, 0.33, 0.14, 0.30, 0.07, 0.29, 0.13, 0.22, 0.00, -0.00, 0.14, 0.28, 0.10, 0.12, 0.09, 0.0088, 0.1840, 0.0808, 0.1518, 0.0004, nan, 0.1035, 0.0438, 1
26.7680, 0.05, 0.07, 0.33, 0.07, 0.31, 0.08, 0.30, 0.17, 0.22, 0.00, -0.00, 0.07, 0.28, 0.05, 0.11, 0.10, 0.0106, 0.0920, 0.1029, 0.1946, 0.0002, nan, 0.0518, 0.0422, 1
27.1220, 0.03, 0.03, 0.34, 0.09, 0.31, 0.09, 0.30, 0.08, 0.20, 0.00, -0.00, 0.14, 0.26, 0.08, 0.11, 0.10, 0.0053, 0.1147, 0.1092, 0.0973, 0.0001, nan, 0.0743, 0.0399, 1
27.4740, 0.01, 0.02, 0.33, 0.04, 0.31, 0.10, 0.29, 0.09, 0.19, 0.00, -0.00, 0.17, 0.26, 0.04, 0.11, 0.15, 0.0027, 0.0574, 0.1171, 0.1049, 0.0000, nan, 0.0372, 0.0652, 1
27.8260, 0.01, 0.01, 0.34, 0.12, 0.31, 0.10, 0.29, 0.15, 0.19, 0.00, -0.00, 0.18, 0.27, 0.07, 0.12, 0.07, 0.0013, 0.1646, 0.1179, 0.1634, 0.0000, nan, 0.0748, 0.0326, 1
28.1770, 0.02, 0.05, 0.35, 0.16, 0.32, 0.10, 0.28, 0.12, 0.20, 0.00, -0.00, 0.09, 0.29, 0.03, 0.13, 0.04, 0.0069, 0.2198, 0.1215, 0.1364, 0.0000, nan, 0.0374, 0.0163, 1
28.5310, 0.03, 0.03, 0.35, 0.08, 0.32, 0.05, 0.28, 0.11, 0.19, 0.05, -0.00, 0.10, 0.30, 0.02, 0.15, 0.02, 0.0035, 0.1099, 0.0607, 0.1244, 0.0359, nan, 0.0187, 0.0082, 1
28.8830, 0.03, 0.01, 0.36, 0.14, 0.31, 0.02, 0.29, 0.16, 0.20, 0.03, -0.00, 0.05, 0.31, 0.01, 0.17, 0.01, 0.0017, 0.2003, 0.0304, 0.1794, 0.0180, nan, 0.0094, 0.0041, 1
29.2340, 0.04, 0.01, 0.36, 0.12, 0.31, 0.01, 0.30, 0.08, 0.21, 0.01, -0.00, 0.02, 0.32, 0.00, 0.19, 0.00, 0.0009, 0.1720, 0.0152, 0.0897, 0.0090, nan, 0.0047, 0.0020, 1
29.5870, 0.06, 0.00, 0.37, 0.11, 0.33, 0.06, 0.31, 0.09, 0.23, 0.01, -0.00, 0.06, 0.33, 0.05, 0.21, 0.00, 0.0004, 0.1579, 0.0748, 0.1073, 0.0045, nan, 0.0711, 0.0010, 1
29.9400, 0.07, 0.00, 0.37, 0.16, 0.34, 0.08, 0.33, 0.04, 0.24, -0.05, -0.00, 0.13, 0.34, 0.08, 0.23, 0.10, 0.0002, 0.2289, 0.1015, 0.0537, -0.0493, nan, 0.1043, 0.0958, 1
30.2920, 0.09, 0.00, 0.38, 0.18, 0.35, 0.14, 0.33, 0.12, 0.26, -0.02, -0.00, 0.17, 0.33, 0.04, 0.23, 0.05, 0.0001, 0.2676, 0.1945, 0.1550, -0.0247, nan, 0.0521, 0.0479, 1
30.6440, 0.09, 0.05, 0.39, 0.09, 0.36, 0.17, 0.32, 0.11, 0.27, -0.01, -0.00, 0.13, 0.34, 0.02, 0.22, 0.08, 0.0188, 0.1338, 0.2441, 0.1368, -0.0123, nan, 0.0261, 0.0646, 1
30.9970, 0.08, 0.08, 0.39, 0.09, 0.37, 0.18, 0.31, 0.11, 0.28, -0.01, -0.00, 0.07, 0.35, 0.06, 0.21, 0.04, 0.0235, 0.1435, 0.2689, 0.1278, -0.0062, nan, 0.0849, 0.0323, 1
31.3490, 0.09, 0.04, 0.39, 0.10, 0.37, 0.19, 0.31, 0.15, 0.27, -0.00, -0.00, 0.08, 0.36, 0.08, 0.22, 0.07, 0.0117, 0.1483, 0.2829, 0.1826, -0.0031, nan, 0.1143, 0.0568, 1
31.7010, 0.10, 0.02, 0.39, 0.10, 0.38, 0.10, 0.31, 0.13, 0.28, -0.00, -0.00, 0.04, 0.35, 0.09, 0.23, 0.03, 0.0059, 0.1507, 0.1414, 0.1507, -0.0015, nan, 0.1259, 0.0284, 1
32.0540, 0.11, 0.01, 0.40, 0.15, 0.38, 0.15, 0.29, 0.16, 0.27, -0.00, -0.00, 0.02, 0.34, 0.09, 0.23, 0.07, 0.0029, 0.2316, 0.2192, 0.1847, -0.0008, nan, 0.1270, 0.0595, 1
32.4070, 0.11, 0.00, 0.40, 0.17, 0.38, 0.12, 0.29, 0.18, 0.26, -0.00, -0.00, 0.06, 0.33, 0.10, 0.24, 0.03, 0.0015, 0.2736, 0.1846, 0.2049, -0.0004, nan, 0.1276, 0.0298, 1
32.7590, 0.12, 0.05, 0.41, 0.14, 0.38, 0.11, 0.29, 0.19, 0.27, -0.00, -0.00, 0.08, 0.33, 0.10, 0.24, 0.07, 0.0273, 0.2165, 0.1673, 0.2134, -0.0002, nan, 0.1278, 0.0617, 1
33.1110, 0.14, 0.03, 0.41, 0.07, 0.39, 0.11, 0.29, 0.20, 0.28, -0.00, -0.00, 0.09, 0.33, 0.15, 0.26, 0.13, 0.0136, 0.1082, 0.1618, 0.2192, -0.0001, nan, 0.1920, 0.1356, 1
33.4630, 0.14, 0.06, 0.40, 0.13, 0.38, 0.10, 0.28, 0.15, 0.27, -0.00, -0.00, 0.15, 0.33, 0.07, 0.26, 0.07, 0.0334, 0.2072, 0.1543, 0.1643, -0.0000, nan, 0.0960, 0.0678, 1
33.8170, 0.12, 0.03, 0.40, 0.12, 0.37, 0.15, 0.27, 0.12, 0.26, -0.00, -0.00, 0.17, 0.33, 0.14, 0.26, 0.03, 0.0167, 0.1802, 0.2178, 0.1337, -0.0000, nan, 0.1761, 0.0339, 1
34.1690, 0.13, 0.02, 0.39, 0.11, 0.37, 0.08, 0.27, 0.16, 0.26, -0.00, -0.00, 0.14, 0.33, 0.07, 0.26, 0.07, 0.0083, 0.1667, 0.1089, 0.1700, -0.0000, nan, 0.0881, 0.0654, 1
34.5210, 0.12, 0.01, 0.40, 0.10, 0.37, 0.04, 0.28, 0.13, 0.25, -0.00, -0.00, 0.12, 0.32, 0.03, 0.24, 0.08, 0.0042, 0.1630, 0.0544, 0.1397, -0.0000, nan, 0.0440, 0.0764, 1
34.8740, 0.11, 0.00, 0.40, 0.15, 0.39, 0.07, 0.28, 0.07, 0.26, -0.00, -0.00, 0.11, 0.32, 0.02, 0.22, 0.09, 0.0021, 0.2409, 0.1053, 0.0698, -0.0000, nan, 0.0220, 0.0788, 1
35.2270, 0.09, 0.00, 0.40, 0.13, 0.40, 0.08, 0.29, 0.13, 0.27, -0.00, 0.00, 0.15, 0.34, 0.06, 0.22, 0.15, 0.0010, 0.2001, 0.1308, 0.1537, -0.0000, nan, 0.0782, 0.1269, 1
35.5790, 0.09, 0.00, 0.41, 0.11, 0.42, 0.14, 0.31, 0.17, 0.28, -0.00, 0.00, 0.13, 0.35, 0.08, 0.22, 0.07, 0.0005, 0.1797, 0.2373, 0.2049, -0.0000, nan, 0.1110, 0.0635, 1
35.9310, 0.08, 0.00, 0.41, 0.16, 0.43, 0.12, 0.31, 0.18, 0.31, -0.00, 0.00, 0.11, 0.35, 0.14, 0.23, 0.04, 0.0003, 0.2492, 0.2046, 0.2275, -0.0000, nan, 0.1945, 0.0317, 1
36.2830, 0.07, 0.00, 0.41, 0.13, 0.43, 0.11, 0.32, 0.09, 0.32, -0.00, 0.00, 0.11, 0.36, 0.12, 0.24, 0.02, 0.0001, 0.2043, 0.1851, 0.1137, -0.0000, nan, 0.1691, 0.0159, 1
36.6370, 0.07, 0.00, 0.41, 0.16, 0.43, 0.06, 0.32, 0.15, 0.35, -0.00, 0.00, 0.15, 0.36, 0.11, 0.25, 0.06, 0.0001, 0.2615, 0.0925, 0.1850, -0.0000, nan, 0.1564, 0.0611, 1
36.9890, 0.08, 0.00, 0.41, 0.18, 0.43, 0.08, 0.33, 0.07, 0.35, -0.00, 0.00, 0.08, 0.37, 0.05, 0.26, 0.08, 0.0000, 0.2917, 0.1275, 0.0925, -0.0000, nan, 0.0782, 0.0821, 1
37.3400, 0.08, 0.00, 0.41, 0.14, 0.43, 0.04, 0.34, 0.09, 0.36, -0.00, 0.00, 0.14, 0.36, 0.03, 0.26, 0.04, 0.0000, 0.2271, 0.0638, 0.1119, -0.0000, nan, 0.0391, 0.0410, 1
37.6930, 0.09, 0.00, 0.41, 0.07, 0.44, 0.02, 0.36, 0.14, 0.37, 0.05, 0.00, 0.17, 0.36, 0.01, 0.25, 0.02, 0.0000, 0.1135, 0.0319, 0.2059, 0.0750, nan, 0.0196, 0.0205, 1
38.0460, 0.08, 0.00, 0.41, 0.14, 0.44, 0.01, 0.37, 0.17, 0.39, 0.02, -0.00, 0.13, 0.36, 0.01, 0.26, 0.01, 0.0000, 0.2161, 0.0159, 0.2530, 0.0375, nan, 0.0098, 0.0103, 1
38.3980, 0.09, 0.00, 0.41, 0.07, 0.45, 0.05, 0.37, 0.14, 0.41, 0.06, -0.00, 0.12, 0.38, 0.00, 0.25, 0.00, 0.0000, 0.1081, 0.0986, 0.2015, 0.1016, nan, 0.0049, 0.0051, 1
38.7500, 0.08, 0.05, 0.42, 0.03, 0.45, 0.03, 0.37, 0.17, 0.41, 0.08, -0.00, 0.16, 0.39, 0.00, 0.26, 0.00, 0.0141, 0.0540, 0.0493, 0.2429, 0.1305, nan, 0.0024, 0.0026, 1
39.1030, 0.06, 0.03, 0.41, 0.07, 0.43, 0.06, 0.36, 0.13, 0.41, 0.04, -0.00, 0.13, 0.40, 0.05, 0.25, 0.05, 0.0070, 0.1067, 0.1059, 0.1918, 0.0652, nan, 0.0778, 0.0497, 1
39.4550, 0.05, -0.04, 0.42, 0.03, 0.44, 0.08, 0.37, 0.12, 0.41, 0.02, -0.00, 0.16, 0.41, 0.08, 0.24, 0.08, -0.0027, 0.0534, 0.1389, 0.1709, 0.0326, nan, 0.1186, 0.0702, 1
39.8080, 0.03, -0.02, 0.41, 0.07, 0.45, 0.04, 0.37, 0.06, 0.41, 0.06, -0.00, 0.18, 0.41, 0.04, 0.22, 0.04, -0.0014, 0.1064, 0.0694, 0.0854, 0.0960, nan, 0.0593, 0.0351, 1
40.1600, 0.01, -0.01, 0.40, 0.08, 0.44, 0.12, 0.36, 0.08, 0.40, -0.02, -0.00, 0.19, 0.42, 0.02, 0.23, 0.02, -0.0007, 0.1297, 0.2066, 0.1099, -0.0270, nan, 0.0296, 0.0175, 1
40.5130, 0.01, 0.05, 0.38, 0.04, 0.44, 0.16, 0.34, 0.09, 0.38, -0.01, 0.00, 0.20, 0.41, 0.06, 0.24, 0.11, 0.0012, 0.0649, 0.2752, 0.1175, -0.0135, nan, 0.0945, 0.1056, 1
40.8650, 0.02, 0.02, 0.38, 0.12, 0.44, 0.13, 0.34, 0.09, 0.38, -0.00, 0.00, 0.15, 0.41, 0.08, 0.24, 0.05, 0.0006, 0.1824, 0.2235, 0.1275, -0.0067, nan, 0.1269, 0.0528, 1
41.2170, 0.03, 0.01, 0.39, 0.11, 0.44, 0.07, 0.34, 0.15, 0.38, -0.00, 0.00, 0.17, 0.42, 0.09, 0.25, 0.08, 0.0003, 0.1678, 0.1118, 0.1981, -0.0034, nan, 0.1463, 0.0795, 1
41.5700, 0.05, 0.01, 0.39, 0.11, 0.44, 0.08, 0.33, 0.12, 0.36, -0.00, 0.00, 0.19, 0.41, 0.09, 0.25, 0.09, 0.0002, 0.1604, 0.1418, 0.1631, -0.0017, nan, 0.1528, 0.0882, 1
41.9230, 0.05, 0.05, 0.39, 0.15, 0.43, 0.09, 0.33, 0.06, 0.36, -0.00, 0.00, 0.14, 0.41, 0.10, 0.25, 0.04, 0.0110, 0.2318, 0.1522, 0.0816, -0.0008, nan, 0.1545, 0.0441, 1
42.2750, 0.04, 0.03, 0.39, 0.13, 0.42, 0.10, 0.35, 0.08, 0.37, -0.00, 0.00, 0.12, 0.41, 0.10, 0.24, 0.12, 0.0055, 0.1924, 0.1573, 0.1111, -0.0004, nan, 0.1570, 0.1111, 1
42.6270, 0.03, 0.01, 0.39, 0.16, 0.41, 0.15, 0.34, 0.09, 0.37, -0.00, 0.00, 0.11, 0.41, 0.10, 0.23, 0.11, 0.0028, 0.2462, 0.2349, 0.1227, -0.0002, nan, 0.1582, 0.0977, 1
42.9790, 0.01, 0.01, 0.39, 0.13, 0.40, 0.17, 0.33, 0.15, 0.36, 0.10, 0.00, 0.06, 0.41, 0.10, 0.23, 0.06, 0.0014, 0.1997, 0.2706, 0.1879, 0.1343, nan, 0.1588, 0.0489, 1
43.3320, 0.01, 0.00, 0.39, 0.12, 0.40, 0.09, 0.33, 0.12, 0.34, -0.00, 0.00, 0.13, 0.41, 0.10, 0.24, 0.03, 0.0007, 0.1764, 0.1353, 0.1580, 0.0031, nan, 0.1591, 0.0244, 1
43.6840, 0.00, 0.05, 0.39, 0.11, 0.41, 0.09, 0.33, 0.06, 0.34, -0.00, -0.00, 0.06, 0.40, 0.05, 0.23, 0.01, 0.0003, 0.1648, 0.1505, 0.0790, 0.0015, nan, 0.0795, 0.0122, 1
44.0360, 0.00, 0.03, 0.39, 0.05, 0.41, 0.15, 0.35, 0.13, 0.35, -0.00, -0.00, 0.13, 0.40, 0.02, 0.24, 0.01, 0.0002, 0.0824, 0.2315, 0.1817, 0.0008, nan, 0.0398, 0.0061, 1
44.3880, 0.00, 0.06, 0.39, 0.13, 0.40, 0.12, 0.37, 0.12, 0.37, -0.00, -0.00, 0.07, 0.42, 0.01, 0.25, 0.05, 0.0001, 0.1943, 0.1923, 0.1658, 0.0004, nan, 0.0199, 0.0562, 1
44.7410, 0.00, 0.03, 0.39, 0.11, 0.41, 0.06, 0.38, 0.11, 0.39, -0.00, -0.00, 0.08, 0.41, 0.06, 0.25, 0.08, 0.0000, 0.1706, 0.0962, 0.1626, 0.0002, nan, 0.0896, 0.0765, 1
45.0920, 0.00, 0.02, 0.39, 0.11, 0.43, 0.03, 0.40, 0.10, 0.41, -0.00, -0.00, 0.09, 0.42, 0.08, 0.25, 0.09, 0.0000, 0.1619, 0.0481, 0.1641, 0.0001, nan, 0.1292, 0.0867, 1
45.4440, 0.01, 0.01, 0.39, 0.10, 0.44, 0.02, 0.41, 0.15, 0.41, -0.00, -0.00, 0.15, 0.42, 0.09, 0.25, 0.04, 0.0000, 0.1575, 0.0240, 0.2461, 0.0000, nan, 0.1490, 0.0434, 1
45.7970, 0.00, 0.00, 0.38, 0.10, 0.46, 0.06, 0.43, 0.18, 0.42, 0.05, 0.00, 0.17, 0.43, 0.14, 0.24, 0.12, 0.0000, 0.1506, 0.1042, 0.2965, 0.0844, nan, 0.2432, 0.1123, 1
46.1500, 0.00, 0.00, 0.37, 0.15, 0.46, 0.08, 0.44, 0.09, 0.41, 0.02, 0.00, 0.14, 0.43, 0.12, 0.22, 0.11, 0.0000, 0.2128, 0.1427, 0.1482, 0.0422, nan, 0.2060, 0.0968, 1
46.5020, 0.00, 0.05, 0.35, 0.13, 0.45, 0.04, 0.43, 0.14, 0.40, 0.01, 0.00, 0.12, 0.43, 0.11, 0.22, 0.16, 0.0000, 0.1720, 0.0714, 0.2397, 0.0211, nan, 0.1874, 0.1296, 1
46.8540, 0.00, 0.03, 0.35, 0.06, 0.44, 0.07, 0.43, 0.17, 0.38, 0.06, 0.00, 0.06, 0.44, 0.16, 0.22, 0.08, 0.0000, 0.0860, 0.1185, 0.2855, 0.0824, nan, 0.2687, 0.0648, 1
47.2060, 0.00, 0.01, 0.35, 0.08, 0.44, 0.08, 0.42, 0.19, 0.38, 0.03, 0.00, 0.08, 0.44, 0.18, 0.24, 0.09, 0.0000, 0.1102, 0.1452, 0.3052, 0.0412, nan, 0.3093, 0.0808, 1
47.5590, 0.00, 0.01, 0.35, 0.04, 0.44, 0.14, 0.42, 0.14, 0.38, 0.01, 0.00, 0.09, 0.45, 0.14, 0.25, 0.04, 0.0000, 0.0551, 0.2429, 0.2354, 0.0206, nan, 0.2422, 0.0404, 1
47.9120, 0.02, 0.00, 0.34, 0.12, 0.44, 0.12, 0.43, 0.12, 0.38, 0.01, 0.00, 0.14, 0.45, 0.12, 0.27, 0.07, 0.0000, 0.1557, 0.2074, 0.2052, 0.0103, nan, 0.2086, 0.0765, 1
48.2640, 0.03, 0.00, 0.33, 0.11, 0.44, 0.11, 0.44, 0.06, 0.38, 0.00, 0.00, 0.12, 0.45, 0.11, 0.29, 0.09, 0.0000, 0.1419, 0.1896, 0.1026, 0.0052, nan, 0.1918, 0.0992, 1
48.6170, 0.05, 0.05, 0.34, 0.16, 0.43, 0.16, 0.43, 0.03, 0.37, 0.00, 0.00, 0.11, 0.45, 0.10, 0.30, 0.09, 0.0141, 0.2038, 0.2589, 0.0513, 0.0026, nan, 0.1818, 0.1105, 1
48.9690, 0.07, 0.03, 0.34, 0.18, 0.42, 0.18, 0.44, 0.02, 0.38, 0.00, 0.00, 0.16, 0.44, 0.05, 0.31, 0.05, 0.0070, 0.2394, 0.2919, 0.0257, 0.0013, nan, 0.0909, 0.0553, 1
49.3210, 0.09, 0.01, 0.35, 0.14, 0.42, 0.14, 0.45, 0.06, 0.39, 0.05, -0.00, 0.13, 0.45, 0.08, 0.33, 0.07, 0.0035, 0.1884, 0.2288, 0.1035, 0.0803, nan, 0.1345, 0.0964, 1
49.6730, 0.11, 0.01, 0.35, 0.12, 0.42, 0.12, 0.46, 0.08, 0.39, 0.03, -0.00, 0.06, 0.46, 0.04, 0.35, 0.04, 0.0018, 0.1630, 0.1956, 0.1455, 0.0402, nan, 0.0673, 0.0482, 1
50.0260, 0.13, 0.00, 0.34, 0.16, 0.42, 0.11, 0.46, 0.04, 0.38, 0.01, -0.00, 0.08, 0.45, 0.02, 0.37, 0.07, 0.0009, 0.2096, 0.1791, 0.0727, 0.0201, nan, 0.0336, 0.0991, 1
50.3780, 0.15, 0.00, 0.33, 0.18, 0.42, 0.10, 0.47, 0.02, 0.38, 0.06, -0.00, 0.14, 0.44, 0.01, 0.37, 0.08, 0.0004, 0.2314, 0.1755, 0.0364, 0.0850, nan, 0.0168, 0.1214, 1
50.7300, 0.15, 0.00, 0.33, 0.14, 0.43, 0.05, 0.49, 0.06, 0.38, 0.03, -0.00, 0.17, 0.44, 0.00, 0.37, 0.04, 0.0002, 0.1797, 0.0877, 0.1166, 0.0425, nan, 0.0084, 0.0607, 1
51.0820, 0.16, 0.00, 0.33, 0.17, 0.44, 0.08, 0.48, 0.08, 0.38, 0.01, -0.00, 0.09, 0.44, 0.05, 0.37, 0.07, 0.0001, 0.2164, 0.1282, 0.1521, 0.0213, nan, 0.0886, 0.1054, 1
51.4350, 0.17, 0.00, 0.33, 0.18, 0.44, 0.14, 0.47, 0.04, 0.38, 0.01, -0.00, 0.09, 0.44, 0.08, 0.38, 0.09, 0.0001, 0.2379, 0.2376, 0.0760, 0.0106, nan, 0.1318, 0.1277, 1
51.7870, 0.19, 0.00, 0.33, 0.19, 0.44, 0.12, 0.48, 0.12, 0.39, 0.00, -0.00, 0.05, 0.44, 0.09, 0.38, 0.04, 0.0000, 0.2471, 0.2047, 0.2255, 0.0053, nan, 0.1534, 0.0638, 1
52.1400, 0.21, 0.05, 0.33, 0.20, 0.44, 0.16, 0.48, 0.11, 0.41, 0.00, -0.00, 0.12, 0.45, 0.09, 0.39, 0.02, 0.0453, 0.2501, 0.2727, 0.2049, 0.0027, nan, 0.1642, 0.0319, 1
52.4920, 0.23, 0.03, 0.33, 0.15, 0.44, 0.08, 0.48, 0.15, 0.41, 0.00, -0.00, 0.11, 0.44, 0.05, 0.39, 0.01, 0.0227, 0.1891, 0.1363, 0.2931, 0.0013, nan, 0.0821, 0.0160, 1
52.8450, 0.23, 0.01, 0.33, 0.17, 0.45, 0.14, 0.49, 0.18, 0.41, 0.00, -0.00, 0.16, 0.44, 0.07, 0.40, 0.01, 0.0113, 0.2227, 0.2494, 0.3372, 0.0007, nan, 0.1285, 0.0080, 1
53.1970, 0.22, -0.04, 0.33, 0.19, 0.45, 0.12, 0.48, 0.19, 0.43, 0.00, -0.00, 0.18, 0.45, 0.09, 0.41, 0.05, -0.0365, 0.2410, 0.2138, 0.3561, 0.0003, nan, 0.1549, 0.0821, 1
53.5500, 0.23, -0.02, 0.33, 0.19, 0.46, 0.06, 0.48, 0.19, 0.45, 0.00, -0.00, 0.09, 0.47, 0.04, 0.43, 0.08, -0.0183, 0.2486, 0.1069, 0.3624, 0.0002, nan, 0.0774, 0.1286, 1
53.9020, 0.24, -0.01, 0.33, 0.15, 0.46, 0.03, 0.48, 0.15, 0.47, 0.00, -0.00, 0.14, 0.47, 0.07, 0.43, 0.04, -0.0091, 0.1852, 0.0534, 0.2734, 0.0001, nan, 0.1293, 0.0643, 1
54.2550, 0.24, -0.01, 0.33, 0.12, 0.45, 0.06, 0.48, 0.12, 0.46, 0.00, -0.00, 0.07, 0.47, 0.04, 0.42, 0.02, -0.0046, 0.1567, 0.1127, 0.2304, 0.0000, nan, 0.0647, 0.0321, 1
54.6070, 0.23, -0.00, 0.33, 0.16, 0.45, 0.08, 0.48, 0.11, 0.47, 0.00, -0.00, 0.09, 0.47, 0.07, 0.41, 0.11, -0.0023, 0.2065, 0.1454, 0.2090, 0.0000, nan, 0.1276, 0.1770, 1
54.9590, 0.23, -0.00, 0.33, 0.08, 0.45, 0.09, 0.48, 0.16, 0.47, 0.00, -0.00, 0.14, 0.48, 0.08, 0.42, 0.05, -0.0011, 0.1032, 0.1618, 0.2920, 0.0000, nan, 0.1591, 0.0885, 1
55.3110, 0.22, -0.00, 0.34, 0.04, 0.45, 0.05, 0.48, 0.18, 0.48, 0.00, -0.00, 0.12, 0.48, 0.09, 0.42, 0.03, -0.0006, 0.0516, 0.0809, 0.3335, 0.0000, nan, 0.1733, 0.0443, 1
55.6650, 0.21, -0.00, 0.33, 0.12, 0.44, 0.02, 0.48, 0.19, 0.47, 0.00, -0.00, 0.11, 0.48, 0.15, 0.42, 0.06, -0.0003, 0.1539, 0.0404, 0.3511, 0.0000, nan, 0.2773, 0.1018, 1
56.0160, 0.19, -0.00, 0.33, 0.16, 0.42, 0.01, 0.48, 0.09, 0.48, 0.00, -0.00, 0.11, 0.49, 0.07, 0.41, 0.03, -0.0001, 0.2035, 0.0202, 0.1756, 0.0000, nan, 0.1386, 0.0509, 1
56.3690, 0.19, -0.00, 0.33, 0.18, 0.41, 0.06, 0.48, 0.05, 0.49, 0.00, -0.00, 0.05, 0.49, 0.04, 0.40, 0.07, -0.0001, 0.2314, 0.0929, 0.0878, 0.0000, nan, 0.0693, 0.1020, 1
56.7210, 0.18, -0.00, 0.33, 0.19, 0.43, 0.08, 0.49, 0.07, 0.51, 0.00, -0.00, 0.08, 0.50, 0.12, 0.40, 0.03, -0.0000, 0.2423, 0.1324, 0.1423, 0.0000, nan, 0.2331, 0.0510, 1
57.0740, 0.19, -0.00, 0.33, 0.20, 0.45, 0.09, 0.51, 0.14, 0.53, 0.00, -0.00, 0.04, 0.50, 0.06, 0.39, 0.07, -0.0000, 0.2493, 0.1568, 0.2758, 0.0000, nan, 0.1165, 0.1005, 1
57.4260, 0.18, -0.00, 0.33, 0.15, 0.46, 0.04, 0.53, 0.17, 0.55, 0.00, -0.00, 0.07, 0.51, 0.08, 0.38, 0.08, -0.0000, 0.1887, 0.0784, 0.3504, 0.0000, nan, 0.1614, 0.1221, 1
