Voltage Range: ,1.2,None,None,None,None,None,None,None,None,None,None,None,None,None,None,None,None,None,None,None,None,None,None,None,None,None,None,None,None,None,None,None,None,None,None,None,None,None,None,None,None,None,None,None,None,None,None,None,None,None,None,None,None,None,None,None,None,None,None,None,None,None,None,None,None,None
Voltage Step Size: ,0.03,None,None,None,None,None,None,None,None,None,None,None,None,None,None,None,None,None,None,None,None,None,None,None,None,None,None,None,None,None,None,None,None,None,None,None,None,None,None,None,None,None,None,None,None,None,None,None,None,None,None,None,None,None,None,None,None,None,None,None,None,None,None,None,None,None
Voltage Read Count: ,2,None,None,None,None,None,None,None,None,None,None,None,None,None,None,None,None,None,None,None,None,None,None,None,None,None,None,None,None,None,None,None,None,None,None,None,None,None,None,None,None,None,None,None,None,None,None,None,None,None,None,None,None,None,None,None,None,None,None,None,None,None,None,None,None,None
Voltage Delay Time: ,50,None,None,None,None,None,None,None,None,None,None,None,None,None,None,None,None,None,None,None,None,None,None,None,None,None,None,None,None,None,None,None,None,None,None,None,None,None,None,None,None,None,None,None,None,None,None,None,None,None,None,None,None,None,None,None,None,None,None,None,None,None,None,None,None,None
Light Status: ,light,None,None,None,None,None,None,None,None,None,None,None,None,None,None,None,None,None,None,None,None,None,None,None,None,None,None,None,None,None,None,None,None,None,None,None,None,None,None,None,None,None,None,None,None,None,None,None,None,None,None,None,None,None,None,None,None,None,None,None,None,None,None,None,None,None
Start Date: ,Apr-26-2023 16_10_47,None,None,None,None,None,None,None,None,None,None,None,None,None,None,None,None,None,None,None,None,None,None,None,None,None,None,None,None,None,None,None,None,None,None,None,None,None,None,None,None,None,None,None,None,None,None,None,None,None,None,None,None,None,None,None,None,None,None,None,None,None,None,None,None,None
Time,Volts_output,Pixel 0_0 V,Pixel 0_0 mA,Pixel 0_1 V,Pixel 0_1 mA,Pixel 0_2 V,Pixel 0_2 mA,Pixel 0_3 V,Pixel 0_3 mA,Pixel 0_4 V,Pixel 0_4 mA,Pixel 0_5 V,Pixel 0_5 mA,Pixel 0_6 V,Pixel 0_6 mA,Pixel 0_7 V,Pixel 0_7 mA,Pixel 1_0 V,Pixel 1_0 mA,Pixel 1_1 V,Pixel 1_1 mA,Pixel 1_2 V,Pixel 1_2 mA,Pixel 1_3 V,Pixel 1_3 mA,Pixel 1_4 V,Pixel 1_4 mA,Pixel 1_5 V,Pixel 1_5 mA,Pixel 1_6 V,Pixel 1_6 mA,Pixel 1_7 V,Pixel 1_7 mA,Pixel 2_0 V,Pixel 2_0 mA,Pixel 2_1 V,Pixel 2_1 mA,Pixel 2_2 V,Pixel 2_2 mA,Pixel 2_3 V,Pixel 2_3 mA,Pixel 2_4 V,Pixel 2_4 mA,Pixel 2_5 V,Pixel 2_5 mA,Pixel 2_6 V,Pixel 2_6 mA,Pixel 2_7 V,Pixel 2_7 mA,Pixel 3_0 V,Pixel 3_0 mA,Pixel 3_1 V,Pixel 3_1 mA,Pixel 3_2 V,Pixel 3_2 mA,Pixel 3_3 V,Pixel 3_3 mA,Pixel 3_4 V,Pixel 3_4 mA,Pixel 3_5 V,Pixel 3_5 mA,Pixel 3_6 V,Pixel 3_6 mA,Pixel 3_7 V,Pixel 3_7 mA,ARDUINOID
0.5840,1.20,1.2027,0.1000,1.1920,0.1333,1.2027,0.1000,1.1960,0.0000,1.1960,0.0000,1.1907,0.0000,1.1880,0.0333,1.1940,-6.7333,1.1859,-5.3000,1.1880,0.0000,1.1920,0.0333,1.1898,-5.0333,1.1820,-6.9667,1.1884,-4.3333,1.1835,-8.3000,1.1805,-5.2333,1.1792,-5.0667,1.1740,-6.9000,1.1800,-0.3000,1.1768,-8.3000,1.1713,-6.3667,1.1711,-17.5667,1.1720,0.0000,1.1760,0.0000,1.1893,0.0000,1.1987,0.0667,1.1800,0.0000,1.1907,0.0000,1.1920,0.0000,1.1880,0.0000,1.1800,0.0000,1.1840,0.0333,0
1.2120,1.17,1.1760,0.0333,1.1680,0.1000,1.1760,0.0667,1.1707,0.0333,1.1720,0.0000,1.1640,0.0000,1.1640,0.0667,1.1686,-5.7333,1.1605,-4.5667,1.1627,0.0000,1.1680,0.0667,1.1658,-4.4000,1.1566,-6.2000,1.1644,-4.0000,1.1594,-7.3000,1.1564,-4.4667,1.1551,-4.4000,1.1499,-5.9000,1.1587,-0.3000,1.1527,-7.0667,1.1472,-5.4667,1.1457,-16.7333,1.1467,0.1000,1.1520,0.0000,1.1640,0.0000,1.1733,0.0000,1.1560,0.0667,1.1640,0.0000,1.1680,0.0333,1.1600,0.0000,1.1560,0.0333,1.1573,0.1000,0
1.8400,1.14,1.1493,0.0000,1.1413,0.0667,1.1507,0.0667,1.1427,0.1000,1.1440,0.0000,1.1360,0.0000,1.1360,0.0000,1.1432,-4.8333,1.1364,-3.9000,1.1360,0.0000,1.1413,0.0333,1.1390,-3.8333,1.1286,-5.6333,1.1377,-3.7000,1.1326,-6.5000,1.1284,-3.8667,1.1284,-3.8333,1.1245,-5.1000,1.1320,-0.2000,1.1286,-6.0333,1.1218,-4.6667,1.1189,-15.8667,1.1200,0.0667,1.1253,0.0333,1.1360,0.0333,1.1480,0.0000,1.1280,0.0000,1.1360,0.0333,1.1400,0.0333,1.1360,0.0000,1.1280,0.0000,1.1293,0.0333,0
2.4670,1.11,1.1227,0.0667,1.1133,0.0667,1.1227,0.0667,1.1160,0.0667,1.1187,0.0000,1.1120,0.0000,1.1120,0.0333,1.1151,-4.1000,1.1083,-3.2333,1.1120,0.0000,1.1160,0.0667,1.1123,-3.2000,1.1045,-5.0000,1.1123,-3.4000,1.1059,-5.7000,1.1030,-3.3000,1.1043,-3.1667,1.1004,-4.4000,1.1080,-0.2000,1.1032,-5.1000,1.0964,-4.0667,1.0962,-15.3333,1.0947,0.0667,1.1000,0.0667,1.1093,0.0333,1.1200,0.0333,1.1000,0.0333,1.1107,0.0000,1.1147,0.0333,1.1080,0.0333,1.1000,0.0000,1.1040,0.1000,0
3.0940,1.08,1.0960,0.0000,1.0867,0.1000,1.0960,0.0667,1.0920,0.0000,1.0933,0.0000,1.0840,0.0000,1.0840,0.0333,1.0883,-3.4000,1.0843,-2.7000,1.0867,0.0333,1.0880,0.0000,1.0869,-2.7333,1.0764,-4.4333,1.0856,-3.1000,1.0805,-4.9667,1.0763,-2.7333,1.0789,-2.6667,1.0764,-3.7333,1.0814,-0.1667,1.0764,-4.2333,1.0723,-3.4000,1.0695,-14.6000,1.0680,0.1000,1.0760,0.0000,1.0840,0.0000,1.0947,0.0333,1.0747,0.0333,1.0840,0.0000,1.0867,0.0333,1.0800,0.0000,1.0760,0.0333,1.0773,0.0667,0
3.7220,1.05,1.0693,0.0333,1.0600,0.0667,1.0680,0.1000,1.0640,0.0000,1.0640,0.0000,1.0560,0.0333,1.0560,0.0333,1.0643,-2.7333,1.0562,-2.1000,1.0600,0.0667,1.0613,0.0667,1.0616,-2.3000,1.0511,-3.9000,1.0603,-2.8000,1.0524,-4.3000,1.0509,-2.2000,1.0522,-2.1667,1.0496,-3.1000,1.0560,-0.1000,1.0523,-3.4333,1.0443,-2.8000,1.0441,-13.9000,1.0427,0.0333,1.0493,0.0000,1.0560,0.0000,1.0680,0.0000,1.0480,0.0667,1.0573,0.0000,1.0600,0.0000,1.0560,0.0333,1.0480,0.0333,1.0520,0.0667,0
4.3500,1.02,1.0400,0.0333,1.0320,0.1000,1.0400,0.1000,1.0360,0.0333,1.0373,0.0000,1.0307,0.0667,1.0307,0.0333,1.0362,-2.1333,1.0295,-1.6333,1.0333,0.0000,1.0333,0.1000,1.0322,-1.8000,1.0243,-3.4000,1.0323,-2.5000,1.0244,-3.7000,1.0228,-1.7000,1.0242,-1.6333,1.0243,-2.5000,1.0280,-0.1000,1.0243,-2.6333,1.0202,-2.2667,1.0173,-13.1667,1.0147,0.0667,1.0227,0.0000,1.0280,0.0333,1.0387,0.0000,1.0200,0.1000,1.0280,0.0000,1.0320,0.0000,1.0280,0.0000,1.0200,0.0000,1.0240,0.1000,0
4.9770,0.99,1.0120,0.0667,1.0040,0.0667,1.0147,0.0667,1.0080,0.1000,1.0120,0.0000,1.0027,0.0000,1.0027,0.0667,1.0082,-1.5333,1.0028,-1.1667,1.0067,0.0333,1.0080,0.0333,1.0081,-1.3333,0.9963,-2.9000,1.0082,-2.2667,1.0003,-3.1333,0.9961,-1.2667,0.9988,-1.2000,0.9975,-2.0000,1.0000,-0.0667,0.9962,-2.0000,0.9922,-1.7333,0.9906,-12.5333,0.9880,0.0667,0.9960,0.0000,1.0000,0.0667,1.0120,0.0333,0.9920,0.0000,1.0013,0.0667,1.0040,0.0000,1.0000,0.0333,0.9920,0.0667,0.9960,0.0667,0
5.6050,0.96,0.9840,0.0667,0.9800,0.1000,0.9840,0.0667,0.9800,0.0667,0.9840,0.0000,0.9733,0.0000,0.9760,0.0333,0.9801,-1.1000,0.9761,-0.7333,0.9760,0.0667,0.9800,0.1000,0.9801,-0.9333,0.9709,-2.5000,0.9789,-1.9667,0.9723,-2.6333,0.9681,-0.8667,0.9721,-0.8333,0.9682,-1.4667,0.9760,0.0000,0.9695,-1.3667,0.9655,-1.2333,0.9652,-11.8000,0.9627,0.1000,0.9680,0.0000,0.9747,0.0000,0.9840,0.0667,0.9653,0.0667,0.9747,0.0667,0.9760,0.0333,0.9733,0.0333,0.9680,0.1000,0.9680,0.0667,0
6.2340,0.93,0.9560,0.0667,0.9507,0.0667,0.9573,0.1000,0.9520,0.1000,0.9560,0.0333,0.9480,0.0333,0.9467,0.1000,0.9534,-0.7000,0.9480,-0.3667,0.9520,0.0333,0.9520,0.1000,0.9521,-0.6000,0.9442,-2.1333,0.9482,-1.7333,0.9442,-2.2000,0.9401,-0.5000,0.9467,-0.5000,0.9441,-1.0333,0.9480,-0.0333,0.9441,-0.8333,0.9388,-0.8333,0.9371,-11.2000,0.9347,0.1000,0.9400,0.0000,0.9467,0.1000,0.9560,0.0000,0.9373,0.0333,0.9480,0.0667,0.9480,0.0667,0.9440,0.0333,0.9400,0.1000,0.9427,0.1000,0
6.8630,0.90,0.9307,0.0667,0.9227,0.1000,0.9307,0.1000,0.9240,0.1000,0.9280,0.0667,0.9187,0.0000,0.9187,0.1000,0.9254,-0.3000,0.9200,-0.0333,0.9227,0.0333,0.9240,0.1333,0.9240,-0.3000,0.9148,-1.7667,0.9201,-1.4667,0.9162,-1.7333,0.9134,-0.1667,0.9200,-0.2000,0.9161,-0.6000,0.9187,0.0333,0.9160,-0.4000,0.9120,-0.5000,0.9104,-10.6333,0.9080,0.1000,0.9120,0.0000,0.9187,0.0667,0.9280,0.0000,0.9080,0.0667,0.9200,0.1000,0.9187,0.0333,0.9160,0.0333,0.9107,0.0667,0.9147,0.0667,0
7.4900,0.87,0.9000,0.0667,0.8920,0.0667,0.9000,0.1000,0.8960,0.0667,0.8973,0.0667,0.8907,0.0667,0.8880,0.1000,0.8960,0.0000,0.8920,0.2667,0.8933,0.1000,0.8960,0.1333,0.8960,-0.0333,0.8868,-1.4000,0.8921,-1.2333,0.8881,-1.4000,0.8840,0.1667,0.8920,0.1333,0.8880,-0.2667,0.8920,0.1000,0.8880,-0.0333,0.8840,-0.1000,0.8810,-9.8667,0.8800,0.1000,0.8840,0.0000,0.8907,0.0333,0.8973,0.0000,0.8800,0.1000,0.8893,0.0000,0.8880,0.0000,0.8867,0.0000,0.8800,0.0667,0.8853,0.0667,0
8.1190,0.84,0.8720,0.1000,0.8640,0.0667,0.8680,0.1000,0.8680,0.1000,0.8680,0.0000,0.8613,0.0667,0.8600,0.1000,0.8680,0.3000,0.8626,0.5000,0.8640,0.0667,0.8680,0.1000,0.8653,0.2000,0.8561,-1.1000,0.8641,-1.0333,0.8601,-1.1000,0.8560,0.3667,0.8613,0.4000,0.8600,0.0667,0.8627,0.1000,0.8600,0.3333,0.8533,0.1667,0.8516,-9.2000,0.8480,0.1667,0.8560,0.0000,0.8600,0.1000,0.8680,0.0000,0.8520,0.0667,0.8613,0.0667,0.8600,0.0000,0.8560,0.0333,0.8520,0.1000,0.8573,0.0667,0
8.7470,0.81,0.8400,0.0667,0.8347,0.1000,0.8400,0.1000,0.8373,0.1000,0.8400,0.0667,0.8320,0.0000,0.8320,0.1333,0.8386,0.5333,0.8333,0.7000,0.8360,0.1000,0.8373,0.1333,0.8373,0.4333,0.8281,-0.8333,0.8361,-0.8000,0.8321,-0.8000,0.8279,0.6333,0.8346,0.6333,0.8320,0.3667,0.8347,0.1000,0.8293,0.6000,0.8240,0.4000,0.8235,-8.6667,0.8213,0.1667,0.8280,0.0333,0.8320,0.0000,0.8400,0.0000,0.8227,0.0667,0.8320,0.0333,0.8320,0.0667,0.8280,0.1000,0.8240,0.1000,0.8280,0.0667,0
9.3750,0.78,0.8120,0.1333,0.8040,0.0667,0.8107,0.0667,0.8080,0.1000,0.8080,0.0333,0.8040,0.0667,0.8013,0.2000,0.8079,0.7000,0.8039,0.9000,0.8040,0.0333,0.8080,0.1333,0.8079,0.6000,0.7987,-0.6667,0.8041,-0.6000,0.8014,-0.6333,0.7959,0.7667,0.8039,0.8000,0.7999,0.5667,0.8053,0.1333,0.7999,0.8000,0.7959,0.6000,0.7928,-8.1000,0.7920,0.1333,0.7973,0.0000,0.8040,0.0333,0.8107,0.0000,0.7933,0.1000,0.8027,0.0667,0.8013,0.0333,0.7973,0.0333,0.7947,0.1000,0.8000,0.0667,0
10.0030,0.75,0.7800,0.1667,0.7747,0.0333,0.7787,0.1000,0.7760,0.1000,0.7800,0.0667,0.7720,0.0000,0.7707,0.1000,0.7759,0.8333,0.7719,1.0000,0.7760,0.0667,0.7773,0.1000,0.7773,0.7333,0.7680,-0.4333,0.7734,-0.4667,0.7720,-0.4000,0.7666,0.9000,0.7719,0.9000,0.7693,0.7333,0.7720,0.2000,0.7679,0.9667,0.7639,0.8000,0.7648,-7.5000,0.7600,0.2000,0.7680,0.0000,0.7733,0.0000,0.7800,0.0000,0.7627,0.1000,0.7720,0.1000,0.7707,0.0333,0.7680,0.1000,0.7640,0.1333,0.7680,0.1000,0
10.6320,0.72,0.7520,0.1333,0.7440,0.0667,0.7507,0.0667,0.7467,0.0667,0.7493,0.0667,0.7440,-0.0667,0.7440,0.1333,0.7479,0.9667,0.7439,1.1000,0.7467,0.0667,0.7480,0.1000,0.7479,0.8333,0.7374,-0.2333,0.7480,-0.3000,0.7427,-0.2000,0.7359,1.0333,0.7439,1.0667,0.7399,0.9000,0.7440,0.2000,0.7399,1.0667,0.7359,0.9000,0.7340,-6.8667,0.7320,0.2000,0.7387,0.0000,0.7440,0.0333,0.7493,0.0000,0.7320,0.0333,0.7413,0.1000,0.7400,0.0000,0.7373,0.1000,0.7333,0.1667,0.7400,0.1000,0
11.2610,0.69,0.7227,0.1667,0.7160,0.0333,0.7227,0.1000,0.7200,0.1000,0.7200,0.0000,0.7120,-0.1000,0.7120,0.1667,0.7186,1.0333,0.7145,1.2000,0.7160,0.0333,0.7200,0.0333,0.7186,1.0000,0.7107,-0.1000,0.7160,-0.1000,0.7120,0.0000,0.7079,1.1000,0.7159,1.2000,0.7119,1.0000,0.7160,0.1667,0.7079,1.1667,0.7079,1.0333,0.7046,-6.3333,0.7040,0.1667,0.7080,0.0000,0.7133,0.0333,0.7200,0.0000,0.7040,0.1000,0.7120,0.1000,0.7120,0.0333,0.7080,0.0667,0.7053,0.1000,0.7080,0.0667,0
11.8880,0.66,0.6920,0.2000,0.6880,0.0333,0.6920,0.1000,0.6880,0.1000,0.6893,0.0333,0.6840,-0.0333,0.6840,0.1333,0.6879,1.1000,0.6865,1.2333,0.6853,0.0000,0.6907,0.1000,0.6879,1.0667,0.6800,0.0333,0.6880,0.0000,0.6827,0.1000,0.6785,1.2333,0.6852,1.2667,0.6826,1.1000,0.6867,0.1000,0.6799,1.2000,0.6799,1.1000,0.6779,-5.8000,0.6733,0.1667,0.6800,0.0000,0.6840,0.0000,0.6907,0.0333,0.6760,0.1000,0.6827,0.1000,0.6840,0.0333,0.6800,0.0667,0.6760,0.1333,0.6800,0.0667,0
12.5170,0.63,0.6640,0.2000,0.6560,0.1000,0.6613,0.1000,0.6600,0.1000,0.6600,0.0000,0.6560,-0.0667,0.6560,0.1000,0.6599,1.2000,0.6559,1.3000,0.6560,0.0667,0.6587,0.1000,0.6599,1.1000,0.6520,-0.0333,0.6560,0.2000,0.6546,0.3000,0.6492,1.2667,0.6559,1.3333,0.6519,1.1667,0.6560,0.1000,0.6519,1.3000,0.6492,1.2000,0.6485,-5.3667,0.6453,0.1000,0.6520,0.0333,0.6560,0.0000,0.6600,0.0667,0.6440,0.1000,0.6547,0.1000,0.6533,0.0333,0.6493,0.0333,0.6480,0.1000,0.6520,0.1000,0
13.1450,0.60,0.6320,0.1000,0.6253,0.1000,0.6320,0.0667,0.6307,0.1000,0.6320,0.0000,0.6240,0.0000,0.6240,0.0667,0.6279,1.2333,0.6252,1.3000,0.6267,0.0667,0.6293,0.1000,0.6305,1.2000,0.6200,0.1333,0.6280,0.3000,0.6240,0.4000,0.6185,1.3000,0.6279,1.4000,0.6239,1.2000,0.6280,0.1000,0.6212,1.3667,0.6199,1.2333,0.6178,-4.8667,0.6160,0.0667,0.6213,0.0333,0.6267,0.0000,0.6293,0.1000,0.6147,0.0333,0.6240,0.1000,0.6240,0.0000,0.6187,0.0333,0.6160,0.1000,0.6227,0.1000,0
13.7730,0.57,0.6040,0.1000,0.5973,0.0667,0.6027,0.0667,0.6013,0.0333,0.6000,0.0000,0.5960,0.0000,0.5960,0.0000,0.5999,1.3000,0.5959,1.3333,0.5960,0.0333,0.6000,0.0333,0.5999,1.2667,0.5906,0.2667,0.5973,0.4000,0.5946,0.4667,0.5879,1.3000,0.5972,1.4000,0.5919,1.2667,0.5987,0.1000,0.5919,1.4000,0.5919,1.3333,0.5884,-4.4000,0.5867,0.0333,0.5920,0.0333,0.5960,0.0333,0.6000,0.0667,0.5840,0.0667,0.5920,0.0333,0.5947,0.0333,0.5893,0.0000,0.5880,0.0333,0.5920,0.1000,0
14.3990,0.54,0.5720,0.0333,0.5680,0.1000,0.5720,0.0333,0.5720,0.0667,0.5720,0.0000,0.5667,0.0000,0.5680,0.0333,0.5679,1.3000,0.5665,1.3333,0.5667,0.0333,0.5720,0.1000,0.5692,1.3000,0.5626,0.3667,0.5679,0.5667,0.5639,0.6000,0.5599,1.3667,0.5679,1.4667,0.5639,1.3000,0.5680,0.1000,0.5639,1.4000,0.5612,1.3333,0.5564,-3.8667,0.5560,0.0333,0.5640,0.0000,0.5680,0.0000,0.5720,0.0333,0.5560,0.0667,0.5640,0.0000,0.5667,0.0000,0.5600,0.0333,0.5600,0.0333,0.5640,0.0333,0
15.0260,0.51,0.5440,0.1000,0.5360,0.0333,0.5440,0.0667,0.5427,0.0667,0.5400,-0.0667,0.5360,0.0000,0.5360,0.0333,0.5399,1.3000,0.5359,1.3667,0.5373,0.0333,0.5400,0.0667,0.5399,1.3000,0.5319,0.5000,0.5399,0.6333,0.5359,0.6333,0.5319,1.3667,0.5399,1.5000,0.5359,1.3000,0.5400,0.0333,0.5332,1.4667,0.5319,1.4000,0.5283,-3.4333,0.5280,0.0333,0.5333,0.0000,0.5373,0.0333,0.5400,0.0000,0.5267,0.0333,0.5360,0.0000,0.5360,0.0000,0.5293,0.0333,0.5307,0.0333,0.5360,0.0667,0
15.6530,0.48,0.5120,0.0333,0.5080,0.0333,0.5160,0.0000,0.5120,0.0667,0.5120,0.0333,0.5080,0.0000,0.5040,0.0333,0.5092,1.4000,0.5039,1.4000,0.5080,0.0000,0.5093,0.0667,0.5105,1.3000,0.4999,0.6333,0.5079,0.8000,0.5039,0.8000,0.4999,1.4000,0.5078,1.5000,0.5052,1.3667,0.5093,0.0667,0.5039,1.5000,0.5025,1.4000,0.5003,-3.0000,0.4987,0.1000,0.5027,0.0000,0.5080,-0.0333,0.5120,0.0000,0.4960,0.0333,0.5040,0.0333,0.5040,0.0333,0.5000,0.0000,0.5000,0.0333,0.5040,0.0667,0
16.2800,0.45,0.4840,0.0667,0.4773,0.0667,0.4840,0.0667,0.4800,0.0333,0.4827,0.0333,0.4787,0.0000,0.4747,0.0333,0.4799,1.4000,0.4759,1.4333,0.4760,0.0333,0.4813,0.0333,0.4799,1.4000,0.4719,0.8000,0.4799,0.8667,0.4759,0.8667,0.4719,1.4333,0.4799,1.5000,0.4745,1.4333,0.4800,0.0667,0.4719,1.5000,0.4705,1.4667,0.4696,-2.5667,0.4680,0.0667,0.4720,0.0000,0.4773,0.0000,0.4800,0.0333,0.4693,0.0667,0.4760,0.0000,0.4760,0.0333,0.4707,0.0333,0.4707,0.0000,0.4760,0.0667,0
16.9070,0.42,0.4520,0.0333,0.4480,0.0333,0.4533,0.1000,0.4520,0.0667,0.4533,0.0000,0.4480,0.0000,0.4440,0.0667,0.4492,1.4000,0.4452,1.4333,0.4480,0.0000,0.4520,0.0000,0.4519,1.3667,0.4439,0.9000,0.4519,0.9000,0.4479,0.9333,0.4412,1.4333,0.4518,1.6000,0.4439,1.4000,0.4520,0.0333,0.4439,1.5333,0.4439,1.5000,0.4402,-2.1667,0.4400,0.1000,0.4440,0.0000,0.4480,0.0000,0.4520,0.0333,0.4387,0.0333,0.4453,0.0000,0.4480,0.0000,0.4400,0.0333,0.4400,0.0000,0.4467,0.1000,0
17.5340,0.39,0.4240,0.0333,0.4173,0.1000,0.4240,0.0667,0.4227,0.0333,0.4227,0.0000,0.4200,0.0000,0.4160,0.0333,0.4199,1.3667,0.4159,1.4667,0.4200,0.0333,0.4213,0.0667,0.4212,1.4000,0.4132,0.9000,0.4226,1.0000,0.4186,1.0000,0.4119,1.5000,0.4225,1.5667,0.4159,1.4667,0.4227,0.0333,0.4145,1.5333,0.4145,1.5000,0.4122,-1.7667,0.4107,0.0000,0.4120,0.0000,0.4200,0.0000,0.4213,0.0000,0.4080,0.0000,0.4160,0.0000,0.4160,0.0333,0.4120,0.0000,0.4120,0.0333,0.4160,0.0333,0
18.1600,0.36,0.3920,0.0333,0.3880,0.0333,0.3920,0.0333,0.3920,0.0667,0.3920,0.0333,0.3880,0.0000,0.3840,0.0000,0.3892,1.4000,0.3839,1.5333,0.3880,0.0333,0.3920,0.0667,0.3919,1.4667,0.3812,1.0000,0.3879,1.1000,0.3866,1.0667,0.3799,1.5000,0.3918,1.6000,0.3839,1.4667,0.3920,0.0333,0.3825,1.5000,0.3839,1.5000,0.3801,-1.4000,0.3800,0.0667,0.3800,0.0000,0.3880,0.0333,0.3920,0.0000,0.3760,0.0333,0.3840,-0.0333,0.3880,0.0000,0.3800,0.0000,0.3800,0.0000,0.3840,0.0667,0
18.7880,0.33,0.3627,0.0000,0.3573,0.1000,0.3627,0.0667,0.3600,0.0333,0.3613,0.0000,0.3560,0.0000,0.3520,0.0333,0.3599,1.4000,0.3545,1.5000,0.3587,0.0000,0.3600,0.0333,0.3599,1.4333,0.3519,1.1000,0.3599,1.1333,0.3559,1.1000,0.3492,1.5000,0.3612,1.6000,0.3559,1.5000,0.3600,0.0667,0.3518,1.5667,0.3518,1.5667,0.3521,-1.0000,0.3480,0.0333,0.3520,0.0000,0.3560,0.0333,0.3600,0.0000,0.3480,0.0333,0.3520,0.0000,0.3560,0.0333,0.3507,0.0000,0.3507,0.0333,0.3560,0.1000,0
19.4150,0.30,0.3320,0.0667,0.3280,0.0667,0.3320,0.0333,0.3320,0.0000,0.3320,0.0333,0.3280,0.0000,0.3240,0.0333,0.3292,1.4333,0.3252,1.5000,0.3280,0.0333,0.3320,0.0000,0.3319,1.4667,0.3212,1.2000,0.3319,1.2000,0.3279,1.1000,0.3198,1.5333,0.3318,1.6000,0.3238,1.5000,0.3320,0.0667,0.3238,1.6000,0.3238,1.5333,0.3227,-0.7333,0.3200,0.0333,0.3227,0.0333,0.3280,0.0000,0.3293,0.0000,0.3187,0.0667,0.3227,0.0333,0.3280,0.0000,0.3213,0.0000,0.3200,0.0333,0.3280,0.0333,0
20.0410,0.27,0.3027,0.0667,0.2960,0.1000,0.3040,0.0333,0.3013,0.0667,0.3040,-0.0333,0.2973,0.0000,0.2947,0.0333,0.2999,1.5000,0.2959,1.5000,0.3000,0.0333,0.3040,0.0333,0.3025,1.5000,0.2919,1.2333,0.3025,1.2333,0.2972,1.2000,0.2918,1.5000,0.3038,1.6000,0.2945,1.5333,0.3027,0.0333,0.2932,1.6000,0.2958,1.5667,0.2920,-0.4000,0.2920,0.0667,0.2933,0.0000,0.2960,0.0000,0.3013,0.0667,0.2880,0.0333,0.2947,0.0000,0.2960,0.0000,0.2920,0.0333,0.2920,0.0667,0.2960,0.0333,0
20.6690,0.24,0.2720,0.0000,0.2680,0.1000,0.2720,0.0667,0.2720,0.0333,0.2733,0.0000,0.2680,0.0000,0.2640,0.0667,0.2679,1.4667,0.2652,1.5333,0.2707,0.0667,0.2720,0.1000,0.2719,1.5000,0.2625,1.2667,0.2719,1.2667,0.2692,1.2333,0.2625,1.5667,0.2718,1.6333,0.2665,1.5000,0.2720,0.0667,0.2625,1.5667,0.2678,1.6000,0.2640,-0.1667,0.2600,0.0667,0.2640,0.0000,0.2680,0.0333,0.2720,0.0333,0.2600,0.0667,0.2640,0.0000,0.2680,0.0000,0.2640,0.0000,0.2613,0.0333,0.2667,0.0333,0
21.2950,0.21,0.2400,0.1000,0.2400,0.1000,0.2413,0.1000,0.2413,0.0667,0.2440,0.0000,0.2387,0.0000,0.2360,0.0000,0.2398,1.5000,0.2358,1.5333,0.2400,0.0333,0.2427,0.0000,0.2425,1.4333,0.2319,1.3333,0.2425,1.3667,0.2399,1.2667,0.2318,1.5667,0.2425,1.6333,0.2358,1.5000,0.2440,0.1000,0.2318,1.6000,0.2358,1.6000,0.2320,0.1000,0.2320,0.0333,0.2320,0.0000,0.2373,0.0000,0.2400,0.0333,0.2293,0.0667,0.2320,0.0000,0.2373,0.0000,0.2320,0.0333,0.2320,0.0333,0.2360,0.0333,0
21.9220,0.18,0.2120,0.0667,0.2080,0.1000,0.2120,0.0000,0.2120,0.0000,0.2120,0.0333,0.2080,0.0000,0.2040,0.0333,0.2118,1.5000,0.2065,1.5333,0.2120,0.0667,0.2120,0.0333,0.2118,1.5000,0.2039,1.4000,0.2119,1.4667,0.2092,1.3000,0.2012,1.5667,0.2118,1.6667,0.2078,1.6000,0.2120,0.0667,0.2038,1.5667,0.2065,1.6333,0.2040,0.3667,0.2013,0.0333,0.2040,0.0333,0.2080,0.0000,0.2107,0.0000,0.2000,0.1000,0.2040,0.0000,0.2080,0.0333,0.2040,0.0333,0.2013,0.0333,0.2067,0.0333,0
22.5480,0.15,0.1800,0.0000,0.1773,0.0667,0.1813,0.0000,0.1827,0.0667,0.1840,-0.0333,0.1787,0.0000,0.1760,0.0000,0.1799,1.5333,0.1758,1.5333,0.1800,0.0667,0.1840,0.0333,0.1838,1.5000,0.1719,1.4333,0.1825,1.4333,0.1799,1.3667,0.1718,1.5667,0.1838,1.6333,0.1758,1.5667,0.1840,0.0667,0.1745,1.6333,0.1758,1.6000,0.1759,0.6000,0.1720,0.0000,0.1760,0.0000,0.1787,0.0000,0.1800,0.0667,0.1720,0.0333,0.1747,0.0333,0.1787,0.0333,0.1720,0.0000,0.1720,0.0667,0.1760,0.0667,0
23.1750,0.12,0.1520,0.0000,0.1480,0.1000,0.1507,0.0333,0.1520,0.0667,0.1533,-0.0333,0.1480,0.0333,0.1453,0.1000,0.1505,1.5333,0.1478,1.5667,0.1520,0.1000,0.1560,0.0667,0.1532,1.5333,0.1439,1.5000,0.1532,1.5000,0.1492,1.4000,0.1438,1.5667,0.1558,1.7000,0.1478,1.6000,0.1520,0.0333,0.1438,1.6000,0.1478,1.6333,0.1466,0.8000,0.1440,0.0333,0.1440,0.0000,0.1480,0.0000,0.1507,0.0667,0.1413,0.1000,0.1440,0.0333,0.1480,0.0333,0.1440,0.0000,0.1440,0.0000,0.1480,0.0333,0
23.8020,0.09,0.1227,0.0333,0.1187,0.0667,0.1200,0.1000,0.1227,0.0333,0.1240,0.0000,0.1200,0.0333,0.1160,0.0000,0.1198,1.5667,0.1158,1.5667,0.1200,0.0667,0.1240,0.0333,0.1225,1.5333,0.1118,1.5000,0.1239,1.5667,0.1199,1.4000,0.1118,1.6000,0.1238,1.7000,0.1172,1.6333,0.1240,0.0000,0.1158,1.6667,0.1198,1.6333,0.1159,1.0000,0.1120,0.0333,0.1160,0.0333,0.1187,0.0333,0.1200,0.0333,0.1120,0.0667,0.1120,0.0000,0.1187,0.0333,0.1120,0.0333,0.1147,0.0667,0.1160,0.0667,0
24.4270,0.06,0.0920,0.0667,0.0893,0.1000,0.0920,0.0667,0.0920,0.0667,0.0960,-0.0333,0.0907,0.0000,0.0853,0.0333,0.0892,1.5667,0.0852,1.6000,0.0920,0.1000,0.0947,0.0333,0.0932,1.5333,0.0838,1.5000,0.0918,1.6000,0.0919,1.4000,0.0838,1.6000,0.0958,1.7000,0.0878,1.6333,0.0920,0.0667,0.0838,1.6333,0.0892,1.7000,0.0879,1.2000,0.0840,0.0333,0.0853,0.0000,0.0880,0.0000,0.0920,0.0000,0.0827,0.0333,0.0840,0.0333,0.0880,0.0333,0.0840,0.0000,0.0853,0.0000,0.0880,0.0333,0
25.0540,0.03,0.0627,0.0667,0.0600,0.0667,0.0613,0.1000,0.0640,0.0667,0.0640,0.0000,0.0600,0.0000,0.0560,0.0667,0.0612,1.5667,0.0572,1.6000,0.0600,0.0667,0.0640,0.0667,0.0638,1.5333,0.0518,1.5667,0.0638,1.6000,0.0625,1.4667,0.0532,1.6000,0.0638,1.7000,0.0598,1.6000,0.0640,0.0667,0.0558,1.6333,0.0598,1.6667,0.0559,1.3667,0.0560,0.0667,0.0560,0.0333,0.0600,0.0000,0.0600,0.0667,0.0520,0.1000,0.0560,0.0333,0.0600,0.0333,0.0560,0.0333,0.0560,0.0333,0.0600,0.1000,0
25.6810,0.00,0.0320,0.0333,0.0280,0.1000,0.0320,0.0333,0.0320,0.0000,0.0347,0.0000,0.0320,0.0000,0.0280,0.0333,0.0278,1.5333,0.0278,1.6000,0.0280,0.0667,0.0320,0.0667,0.0318,1.5000,0.0238,1.6333,0.0318,1.6333,0.0319,1.5000,0.0252,1.6000,0.0358,1.7000,0.0278,1.6667,0.0320,0.0333,0.0292,1.6667,0.0278,1.7000,0.0265,1.5000,0.0253,0.0667,0.0267,0.0000,0.0280,0.0333,0.0293,0.1000,0.0240,0.1000,0.0240,0.0000,0.0280,0.0000,0.0240,0.0333,0.0267,0.0667,0.0320,0.0667,0
26.3050,-0.03,-0.0000,0.0333,-0.0000,0.1000,-0.0000,0.0667,-0.0000,0.0667,0.0013,0.0000,0.0013,0.0000,-0.0000,0.1000,0.0278,1.5333,0.0265,1.6000,-0.0000,0.0667,0.0040,0.0000,0.0265,1.6000,0.0252,1.5667,0.0278,1.6667,0.0239,1.5000,0.0278,1.6000,0.0318,1.7000,0.0305,1.6000,0.0013,0.0667,0.0278,1.6000,0.0278,1.6667,0.0265,1.5000,-0.0000,0.0000,0.0000,0.0000,-0.0000,0.0333,-0.0000,0.0333,-0.0000,0.0667,0.0000,0.0333,0.0000,0.0000,-0.0000,0.0000,-0.0000,0.0000,0.0040,0.0667,0
0.5860,0.03,-0.0000,0.0333,-0.0000,0.1000,-0.0000,0.0333,-0.0000,0.0333,0.0027,0.0000,-0.0000,0.0000,-0.0000,0.1000,0.0278,1.5667,0.0252,1.6000,-0.0000,0.0333,0.0040,0.0667,0.0265,1.5667,0.0238,1.6000,0.0278,1.6000,0.0239,1.5000,0.0278,1.6000,0.0305,1.6667,0.0305,1.6000,-0.0000,0.0667,0.0278,1.6667,0.0278,1.6667,0.0279,1.5000,-0.0000,0.0667,0.0000,0.0667,0.0000,0.0000,-0.0000,0.0333,-0.0000,0.0667,-0.0000,0.0667,0.0000,0.0000,-0.0000,0.0000,-0.0000,0.0333,0.0040,0.0333,0
1.2130,0.06,0.0307,0.0333,0.0280,0.0667,0.0307,0.0333,0.0320,0.0667,0.0320,0.0000,0.0307,0.0000,0.0267,0.0000,0.0292,1.5667,0.0278,1.6000,0.0280,0.0333,0.0360,0.0667,0.0318,1.6000,0.0238,1.6000,0.0318,1.6000,0.0319,1.5000,0.0252,1.6000,0.0358,1.6667,0.0278,1.6000,0.0320,0.0667,0.0278,1.6000,0.0278,1.6667,0.0252,1.5000,0.0253,0.0333,0.0280,0.0000,0.0280,0.0000,0.0293,0.0667,0.0240,0.0667,0.0240,0.1000,0.0280,0.0000,0.0240,0.0333,0.0280,0.0333,0.0320,0.0667,0
1.8380,0.09,0.0613,0.1000,0.0600,0.0667,0.0627,0.0667,0.0640,0.0667,0.0640,0.0000,0.0600,0.0000,0.0560,0.0000,0.0598,1.5667,0.0558,1.6000,0.0600,0.0667,0.0640,0.0333,0.0625,1.5333,0.0518,1.5667,0.0638,1.6000,0.0625,1.4000,0.0558,1.6000,0.0638,1.6667,0.0585,1.6000,0.0640,0.0667,0.0558,1.6667,0.0598,1.6667,0.0572,1.4000,0.0520,0.0333,0.0560,0.0333,0.0600,0.0000,0.0600,0.0667,0.0520,0.0333,0.0547,0.0333,0.0600,0.0000,0.0547,0.0333,0.0560,0.0333,0.0600,0.0333,0
2.4650,0.12,0.0920,0.0333,0.0893,0.0667,0.0920,0.0000,0.0920,0.0333,0.0960,0.0000,0.0893,0.0000,0.0880,0.0000,0.0918,1.5333,0.0878,1.6000,0.0920,0.0000,0.0947,0.0667,0.0919,1.5333,0.0838,1.5667,0.0918,1.6000,0.0905,1.4333,0.0838,1.6000,0.0945,1.6667,0.0878,1.6000,0.0933,0.0333,0.0852,1.6000,0.0892,1.6667,0.0879,1.2333,0.0827,0.0667,0.0853,0.0333,0.0907,0.0000,0.0907,0.0000,0.0800,0.1000,0.0840,0.0000,0.0880,0.0000,0.0840,0.0000,0.0840,0.0000,0.0880,0.0000,0
3.0910,0.15,0.1200,0.1000,0.1187,0.1000,0.1213,0.0000,0.1213,0.0667,0.1240,0.0000,0.1200,0.0000,0.1173,0.0333,0.1198,1.5333,0.1172,1.6000,0.1200,0.0667,0.1253,0.1000,0.1225,1.5333,0.1118,1.5000,0.1225,1.5333,0.1199,1.4000,0.1132,1.6000,0.1238,1.7000,0.1185,1.6000,0.1227,0.0333,0.1158,1.6000,0.1198,1.6000,0.1159,1.1333,0.1120,0.0333,0.1160,0.0000,0.1160,0.0333,0.1200,0.0667,0.1093,0.0667,0.1120,0.0000,0.1160,0.0000,0.1120,0.0333,0.1147,0.0333,0.1160,0.0667,0
3.7170,0.18,0.1507,0.0667,0.1480,0.1000,0.1520,0.0667,0.1520,0.0667,0.1547,-0.0667,0.1493,0.0333,0.1467,0.0333,0.1492,1.5333,0.1465,1.6000,0.1520,0.0667,0.1533,0.0667,0.1518,1.5000,0.1439,1.4667,0.1519,1.4667,0.1505,1.3333,0.1438,1.5333,0.1558,1.6333,0.1478,1.6000,0.1520,0.0333,0.1465,1.6000,0.1478,1.6000,0.1452,1.0000,0.1440,0.0667,0.1467,0.0000,0.1480,0.0333,0.1520,0.0333,0.1400,0.1000,0.1440,0.0000,0.1480,0.0000,0.1440,0.0333,0.1440,0.0667,0.1480,0.1000,0
4.3440,0.21,0.1800,0.0333,0.1800,0.0667,0.1800,0.0333,0.1840,0.0333,0.1840,0.0000,0.1787,0.0000,0.1760,0.0333,0.1798,1.5000,0.1758,1.5667,0.1813,0.0667,0.1840,0.0333,0.1838,1.5000,0.1745,1.4667,0.1839,1.4667,0.1799,1.3333,0.1718,1.5333,0.1838,1.7000,0.1758,1.5667,0.1840,0.0000,0.1732,1.6000,0.1772,1.6000,0.1759,0.8000,0.1720,0.0333,0.1760,0.0000,0.1773,0.0667,0.1800,0.0333,0.1707,0.1000,0.1760,0.0000,0.1773,0.0000,0.1720,0.0000,0.1720,0.0333,0.1773,0.0667,0
4.9710,0.24,0.2120,0.0667,0.2080,0.0667,0.2120,0.0667,0.2120,0.0333,0.2133,0.0000,0.2080,0.0000,0.2053,0.0667,0.2079,1.5000,0.2052,1.5333,0.2120,0.0667,0.2120,0.0333,0.2118,1.5000,0.2039,1.4000,0.2119,1.5000,0.2079,1.3000,0.2025,1.6000,0.2132,1.6000,0.2078,1.5667,0.2133,0.0333,0.2038,1.5667,0.2065,1.6000,0.2039,0.6667,0.2027,0.0333,0.2040,0.0000,0.2080,0.0000,0.2107,0.0333,0.2000,0.0667,0.2040,0.0667,0.2080,0.0000,0.2013,0.0000,0.2027,0.0333,0.2067,0.0000,0
5.5960,0.27,0.2413,0.0333,0.2387,0.0667,0.2400,0.0667,0.2413,0.1000,0.2440,0.0333,0.2400,0.0000,0.2347,0.0333,0.2398,1.5000,0.2358,1.5667,0.2400,0.0333,0.2440,0.0333,0.2439,1.4667,0.2319,1.4000,0.2399,1.3333,0.2399,1.2667,0.2318,1.5000,0.2412,1.6667,0.2358,1.5333,0.2440,0.0333,0.2318,1.6000,0.2358,1.6000,0.2333,0.5000,0.2307,0.0333,0.2333,0.0333,0.2373,0.0000,0.2413,0.0000,0.2307,0.0667,0.2320,0.0000,0.2360,0.0000,0.2320,0.0000,0.2307,0.0000,0.2360,0.0333,0
6.2230,0.30,0.2720,0.0333,0.2680,0.0667,0.2720,0.1000,0.2720,0.0667,0.2733,0.0000,0.2680,0.0000,0.2653,0.0667,0.2692,1.5333,0.2638,1.5333,0.2680,0.0667,0.2720,0.0333,0.2732,1.4667,0.2639,1.3000,0.2719,1.3333,0.2692,1.2000,0.2625,1.5000,0.2718,1.6000,0.2679,1.5333,0.2720,0.0333,0.2638,1.6000,0.2665,1.6000,0.2613,0.3333,0.2600,0.0333,0.2640,0.0000,0.2680,0.0333,0.2693,0.0333,0.2600,0.1000,0.2640,0.0000,0.2680,0.0000,0.2640,0.0000,0.2600,0.0667,0.2680,0.0000,0
6.8510,0.33,0.3013,0.0667,0.2973,0.1000,0.3040,0.0333,0.3013,0.0333,0.3040,0.0000,0.2973,0.0000,0.2960,0.0333,0.2999,1.5000,0.2945,1.5667,0.3000,0.0333,0.3040,0.0333,0.3012,1.5000,0.2919,1.2333,0.3012,1.3000,0.2972,1.1333,0.2919,1.5000,0.3038,1.6000,0.2959,1.5000,0.3013,0.0333,0.2945,1.5667,0.2945,1.5000,0.2933,0.1333,0.2907,0.0667,0.2920,0.0000,0.3000,0.0000,0.3000,0.0333,0.2880,0.0333,0.2920,0.0000,0.2960,0.0000,0.2920,0.0000,0.2920,0.0667,0.2960,0.0333,0
7.4770,0.36,0.3320,0.0667,0.3280,0.1000,0.3347,0.0667,0.3307,0.0667,0.3320,0.0000,0.3280,0.0000,0.3240,0.0667,0.3279,1.4667,0.3239,1.5667,0.3280,0.1000,0.3320,0.0000,0.3319,1.4333,0.3239,1.2000,0.3319,1.2333,0.3279,1.1667,0.3198,1.5000,0.3318,1.6000,0.3239,1.5000,0.3320,0.0333,0.3238,1.6000,0.3238,1.5000,0.3213,0.0000,0.3200,0.0333,0.3240,0.0000,0.3280,0.0000,0.3320,0.0667,0.3200,0.0667,0.3240,0.0000,0.3280,0.0000,0.3227,0.0000,0.3200,0.0333,0.3240,0.1000,0
8.1040,0.39,0.3613,0.0333,0.3573,0.0667,0.3613,0.0333,0.3600,0.1000,0.3613,0.0000,0.3560,0.0000,0.3533,0.0000,0.3599,1.4333,0.3559,1.5000,0.3600,0.0000,0.3613,0.0333,0.3612,1.4333,0.3519,1.2000,0.3599,1.2000,0.3559,1.0667,0.3505,1.4667,0.3598,1.6000,0.3532,1.5000,0.3600,0.0667,0.3518,1.5000,0.3532,1.5000,0.3507,-0.2000,0.3480,0.0667,0.3520,0.0000,0.3560,0.0000,0.3600,0.0333,0.3480,0.0000,0.3533,0.0000,0.3560,0.0000,0.3507,0.0000,0.3520,0.0000,0.3560,0.0333,0
8.7310,0.42,0.3920,0.0667,0.3880,0.0333,0.3947,0.0667,0.3920,0.0000,0.3920,0.0000,0.3880,0.0333,0.3840,0.0333,0.3892,1.4333,0.3839,1.5333,0.3880,0.0000,0.3920,0.0333,0.3919,1.4000,0.3826,1.0333,0.3892,1.1000,0.3879,1.0667,0.3799,1.5000,0.3918,1.6000,0.3839,1.4667,0.3880,0.0667,0.3839,1.5333,0.3839,1.5000,0.3801,-0.4333,0.3800,0.0333,0.3827,0.0000,0.3880,0.0000,0.3893,0.0333,0.3773,0.0667,0.3840,0.0000,0.3867,0.0000,0.3813,0.0333,0.3800,0.0333,0.3840,0.1000,0
9.3580,0.45,0.4240,0.0333,0.4200,0.1000,0.4253,0.0667,0.4227,0.0667,0.4240,0.0333,0.4200,0.0000,0.4147,0.0667,0.4199,1.4000,0.4172,1.4667,0.4200,0.0667,0.4240,0.0000,0.4199,1.3000,0.4119,1.0000,0.4212,1.0333,0.4172,0.9333,0.4119,1.5000,0.4225,1.6000,0.4159,1.4000,0.4213,0.0000,0.4119,1.5000,0.4159,1.4667,0.4121,-0.7667,0.4107,0.1000,0.4147,0.0000,0.4200,0.0000,0.4213,0.0667,0.4080,0.0000,0.4160,0.0000,0.4160,0.0000,0.4120,0.0000,0.4120,0.0000,0.4160,0.0000,0
9.9850,0.48,0.4520,0.0667,0.4480,0.0667,0.4560,0.0667,0.4520,0.0667,0.4520,0.0000,0.4480,0.0000,0.4453,0.0000,0.4519,1.4000,0.4479,1.4667,0.4480,0.0667,0.4520,0.0333,0.4519,1.4000,0.4426,0.9000,0.4519,1.0000,0.4479,0.9000,0.4439,1.4000,0.4518,1.5333,0.4439,1.4000,0.4520,0.0667,0.4439,1.5000,0.4439,1.4667,0.4414,-1.0333,0.4400,0.0333,0.4440,0.0000,0.4493,0.0333,0.4520,0.0333,0.4373,0.0333,0.4440,0.0000,0.4480,0.0000,0.4413,0.0000,0.4400,0.0000,0.4467,0.0333,0
10.6120,0.51,0.4827,0.1000,0.4787,0.0667,0.4840,0.0667,0.4800,0.0333,0.4840,0.0333,0.4773,0.0000,0.4760,-0.0333,0.4799,1.4000,0.4759,1.4667,0.4773,0.0333,0.4827,0.0667,0.4799,1.3333,0.4719,0.8000,0.4799,0.9000,0.4759,0.8667,0.4719,1.4667,0.4798,1.5333,0.4745,1.3667,0.4800,0.0333,0.4719,1.4667,0.4719,1.4000,0.4708,-1.3333,0.4680,0.0000,0.4720,0.0000,0.4773,0.0000,0.4800,0.0333,0.4680,0.0333,0.4760,0.0000,0.4773,0.0000,0.4720,0.0000,0.4693,0.0333,0.4760,0.0333,0
11.2390,0.54,0.5120,0.0333,0.5080,0.0667,0.5160,0.0333,0.5120,0.1000,0.5120,-0.0333,0.5080,0.0000,0.5040,0.0333,0.5079,1.4000,0.5052,1.4333,0.5080,0.0333,0.5120,0.0333,0.5092,1.3000,0.4999,0.7333,0.5093,0.8000,0.5066,0.8000,0.4999,1.4000,0.5092,1.5000,0.5039,1.3333,0.5107,0.0667,0.5039,1.4667,0.5039,1.3667,0.5002,-1.6000,0.4987,0.0333,0.5040,0.0000,0.5080,0.0000,0.5107,0.0333,0.4987,0.0667,0.5053,0.0667,0.5040,0.0000,0.5000,-0.0333,0.5000,0.0000,0.5053,0.0667,0
11.8650,0.57,0.5440,0.0000,0.5360,0.1000,0.5453,0.0000,0.5400,0.0000,0.5413,-0.0333,0.5373,0.0000,0.5360,0.0000,0.5399,1.2667,0.5359,1.4000,0.5373,0.0667,0.5440,0.0000,0.5399,1.3000,0.5320,0.5667,0.5399,0.7000,0.5359,0.7000,0.5319,1.3667,0.5399,1.5000,0.5332,1.3000,0.5400,0.0667,0.5319,1.4333,0.5319,1.3333,0.5282,-1.9000,0.5280,0.0000,0.5320,0.0333,0.5373,0.0000,0.5413,0.0333,0.5280,0.1000,0.5360,0.0000,0.5360,0.0000,0.5307,0.0000,0.5293,0.0333,0.5360,0.0667,0
12.4920,0.60,0.5720,0.0333,0.5680,0.0333,0.5720,0.0333,0.5720,0.0667,0.5720,-0.0333,0.5680,0.0000,0.5653,0.0333,0.5692,1.3000,0.5679,1.3667,0.5680,0.0333,0.5720,0.0667,0.5719,1.2000,0.5600,0.2667,0.5679,0.6000,0.5653,0.5333,0.5599,1.4000,0.5692,1.4667,0.5639,1.3000,0.5693,0.0333,0.5639,1.4000,0.5639,1.3000,0.5576,-2.2667,0.5587,0.0333,0.5640,0.0000,0.5680,0.0000,0.5720,0.1000,0.5560,0.0000,0.5640,0.0000,0.5667,0.0000,0.5600,0.0000,0.5600,0.0333,0.5640,0.0000,0
13.1200,0.63,0.6040,0.1000,0.5987,0.1000,0.6027,0.0333,0.6000,0.0333,0.6027,-0.0333,0.5960,0.0000,0.5960,0.0333,0.5999,1.3000,0.5959,1.3333,0.5960,0.0333,0.6000,0.0333,0.5999,1.2000,0.5920,0.2667,0.5986,0.5000,0.5920,0.4333,0.5892,1.3000,0.5999,1.4000,0.5932,1.2000,0.5973,0.0667,0.5919,1.4000,0.5919,1.2333,0.5883,-2.7000,0.5867,0.1000,0.5920,0.0333,0.5960,0.0000,0.6013,0.0333,0.5867,0.0333,0.5920,0.0333,0.5960,0.0000,0.5880,0.0333,0.5880,0.0667,0.5920,0.1000,0
13.7470,0.66,0.6320,0.1000,0.6267,0.1000,0.6320,0.1000,0.6307,0.1000,0.6320,0.0000,0.6253,0.0000,0.6267,0.0667,0.6279,1.2333,0.6252,1.3000,0.6280,0.0667,0.6307,0.0333,0.6306,1.1667,0.6226,0.1667,0.6280,0.4333,0.6240,0.4000,0.6199,1.3667,0.6279,1.4000,0.6239,1.1000,0.6280,0.0667,0.6225,1.3333,0.6199,1.2000,0.6176,-3.1000,0.6160,0.1000,0.6227,0.0667,0.6280,0.0000,0.6280,0.1000,0.6160,0.0667,0.6240,0.1000,0.6240,0.0000,0.6200,0.0333,0.6187,0.0667,0.6240,0.0667,0
14.3750,0.69,0.6640,0.1000,0.6560,0.1000,0.6600,0.0667,0.6600,0.1000,0.6600,0.0000,0.6547,0.0000,0.6547,0.1333,0.6586,1.1333,0.6545,1.2333,0.6560,0.0667,0.6600,0.0667,0.6586,1.1000,0.6520,0.1000,0.6573,0.2667,0.6533,0.3000,0.6492,1.3333,0.6572,1.3000,0.6519,1.1000,0.6560,0.1000,0.6492,1.3000,0.6479,1.1667,0.6484,-3.5333,0.6440,0.1000,0.6520,0.0000,0.6560,0.0333,0.6600,0.1000,0.6453,0.1000,0.6547,0.1000,0.6533,0.0333,0.6480,0.0667,0.6480,0.1000,0.6520,0.0667,0
15.0040,0.72,0.6920,0.1333,0.6880,0.0333,0.6920,0.1000,0.6880,0.1000,0.6920,0.0000,0.6840,-0.0667,0.6840,0.1000,0.6879,1.0000,0.6839,1.2333,0.6867,0.0333,0.6907,0.0667,0.6879,0.9667,0.6800,0.0000,0.6880,0.1000,0.6840,0.1000,0.6799,1.2333,0.6879,1.2000,0.6826,1.0000,0.6880,0.1000,0.6799,1.2000,0.6799,1.0667,0.6777,-4.1000,0.6760,0.1333,0.6800,0.0333,0.6853,0.0000,0.6920,0.0000,0.6760,0.1000,0.6840,0.1333,0.6840,0.0333,0.6800,0.1000,0.6773,0.1000,0.6813,0.0333,0
15.6320,0.75,0.7227,0.2000,0.7160,0.0333,0.7240,0.0667,0.7200,0.1000,0.7213,0.0000,0.7120,-0.0333,0.7133,0.1667,0.7186,1.0000,0.7146,1.1333,0.7160,0.0000,0.7200,0.1333,0.7199,0.8667,0.7094,-0.1333,0.7160,-0.0333,0.7120,-0.0667,0.7079,1.2000,0.7159,1.1000,0.7119,0.9000,0.7160,0.0667,0.7119,1.1000,0.7079,1.0000,0.7071,-4.7000,0.7040,0.1667,0.7093,0.0000,0.7160,0.0333,0.7200,0.0333,0.7040,0.1000,0.7120,0.1000,0.7120,0.0000,0.7080,0.1000,0.7053,0.1333,0.7107,0.1000,0
16.2600,0.78,0.7520,0.1333,0.7440,0.0667,0.7520,0.1000,0.7480,0.1000,0.7507,0.0667,0.7427,0.0000,0.7440,0.1333,0.7479,0.9000,0.7439,1.0000,0.7480,0.0333,0.7480,0.1333,0.7479,0.7333,0.7400,-0.3000,0.7480,-0.2000,0.7427,-0.1667,0.7372,1.1000,0.7439,1.0000,0.7399,0.8000,0.7440,0.1000,0.7399,1.1000,0.7359,0.8333,0.7365,-5.3000,0.7320,0.1667,0.7400,0.0000,0.7440,0.0000,0.7493,0.0000,0.7320,0.1000,0.7427,0.1000,0.7413,0.0000,0.7400,0.0333,0.7360,0.1667,0.7400,0.0333,0
16.8890,0.81,0.7800,0.1333,0.7747,0.0667,0.7800,0.1000,0.7787,0.1000,0.7800,0.0000,0.7720,0.0000,0.7720,0.1667,0.7773,0.6333,0.7746,0.9000,0.7773,0.0333,0.7800,0.1333,0.7786,0.6000,0.7680,-0.4000,0.7760,-0.3333,0.7720,-0.3000,0.7679,1.0000,0.7759,0.8000,0.7693,0.6333,0.7760,0.1000,0.7679,0.9333,0.7639,0.6333,0.7646,-5.9667,0.7626,0.2000,0.7680,-0.0333,0.7720,0.0333,0.7800,0.0000,0.7627,0.1000,0.7720,0.1000,0.7720,0.0667,0.7680,0.1000,0.7640,0.1000,0.7680,0.1000,0
17.5170,0.84,0.8133,0.1000,0.8053,0.0333,0.8120,0.1000,0.8080,0.1000,0.8080,0.1000,0.8027,0.0000,0.8027,0.1000,0.8079,0.5000,0.8039,0.7000,0.8080,0.0333,0.8080,0.1333,0.8080,0.4000,0.8001,-0.7333,0.8054,-0.5667,0.8041,-0.5000,0.7999,0.8000,0.8039,0.6333,0.8000,0.4000,0.8067,0.1000,0.7999,0.7000,0.7960,0.4333,0.7954,-6.8333,0.7920,0.2000,0.7987,-0.0333,0.8040,0.0333,0.8120,0.0000,0.7920,0.0667,0.8040,0.1000,0.8000,0.0000,0.7987,0.0333,0.7933,0.1333,0.8000,0.1000,0
18.1460,0.87,0.8427,0.1000,0.8360,0.0000,0.8413,0.1000,0.8400,0.0667,0.8400,0.0000,0.8333,0.0333,0.8320,0.1333,0.8373,0.3000,0.8333,0.5333,0.8360,0.0333,0.8373,0.1333,0.8373,0.2000,0.8281,-1.1000,0.8361,-0.8000,0.8321,-0.7667,0.8279,0.7000,0.8320,0.4000,0.8320,0.1667,0.8360,0.0667,0.8306,0.5333,0.8266,0.2000,0.8248,-7.6000,0.8240,0.1667,0.8280,-0.0333,0.8320,0.0333,0.8400,0.0000,0.8240,0.1000,0.8320,0.0667,0.8320,0.0000,0.8280,0.0333,0.8240,0.1000,0.8293,0.0667,0
18.7730,0.90,0.8720,0.1000,0.8640,0.0667,0.8693,0.1000,0.8680,0.1333,0.8693,0.0333,0.8613,0.0000,0.8600,0.1000,0.8680,0.0667,0.8626,0.3000,0.8653,0.0000,0.8680,0.1333,0.8667,0.0000,0.8588,-1.3333,0.8641,-0.9667,0.8601,-0.9667,0.8560,0.4667,0.8640,0.1333,0.8587,-0.1000,0.8640,0.1000,0.8600,0.3000,0.8547,-0.0333,0.8528,-8.1667,0.8506,0.1333,0.8560,0.0000,0.8627,0.0667,0.8680,0.0667,0.8520,0.0667,0.8613,0.1000,0.8600,0.0333,0.8587,0.0667,0.8520,0.1000,0.8587,0.1000,0
19.4010,0.93,0.9000,0.0667,0.8920,0.0667,0.9000,0.1000,0.8960,0.1000,0.8987,0.0667,0.8907,0.0000,0.8880,0.1000,0.8960,-0.2333,0.8920,0.0333,0.8947,0.0333,0.8960,0.1000,0.8960,-0.2333,0.8868,-1.6333,0.8921,-1.1667,0.8881,-1.1667,0.8866,0.2667,0.8920,-0.1000,0.8880,-0.4000,0.8907,0.0333,0.8880,0.0000,0.8840,-0.2667,0.8809,-9.0333,0.8787,0.1000,0.8840,0.0000,0.8907,0.0667,0.9000,0.0333,0.8813,0.1000,0.8907,0.1000,0.8907,0.0333,0.8867,0.0333,0.8813,0.0667,0.8853,0.0667,0
20.0300,0.96,0.9280,0.0667,0.9240,0.0333,0.9307,0.1000,0.9240,0.1000,0.9280,0.0000,0.9187,0.0000,0.9200,0.1000,0.9254,-0.5667,0.9200,-0.3000,0.9213,0.0333,0.9240,0.1000,0.9241,-0.5000,0.9162,-2.0000,0.9241,-1.4667,0.9162,-1.5333,0.9120,0.0333,0.9200,-0.4000,0.9161,-0.7333,0.9200,0.0333,0.9160,-0.3000,0.9121,-0.6000,0.9090,-9.9000,0.9080,0.1667,0.9133,0.0333,0.9200,0.0667,0.9280,0.0000,0.9093,0.0333,0.9187,0.0667,0.9200,0.0333,0.9160,0.0000,0.9120,0.1000,0.9147,0.1000,0
20.6580,0.99,0.9587,0.1000,0.9507,0.1000,0.9600,0.1000,0.9533,0.1000,0.9560,0.0333,0.9467,0.0333,0.9480,0.0333,0.9534,-0.8333,0.9481,-0.6000,0.9520,0.0333,0.9533,0.1000,0.9521,-0.8333,0.9442,-2.3000,0.9495,-1.7667,0.9455,-1.8000,0.9427,-0.2000,0.9481,-0.7000,0.9441,-1.1000,0.9480,0.1000,0.9441,-0.6000,0.9401,-0.9667,0.9371,-10.6333,0.9360,0.1000,0.9400,0.0000,0.9467,0.0667,0.9560,0.0333,0.9373,0.1000,0.9480,0.0000,0.9467,0.0333,0.9440,0.0333,0.9400,0.1000,0.9440,0.0667,0
21.2860,1.02,0.9840,0.0000,0.9800,0.0333,0.9853,0.1000,0.9813,0.0333,0.9840,0.0000,0.9760,0.0333,0.9760,0.0667,0.9801,-1.2667,0.9761,-0.9333,0.9787,0.1000,0.9800,0.1000,0.9801,-1.1667,0.9709,-2.6667,0.9789,-2.0000,0.9722,-2.2000,0.9707,-0.5333,0.9721,-1.0333,0.9721,-1.4333,0.9760,0.0667,0.9721,-1.0333,0.9668,-1.3000,0.9652,-11.5333,0.9627,0.1000,0.9680,0.0000,0.9760,0.0000,0.9840,0.0667,0.9653,0.1000,0.9760,0.0667,0.9760,0.0333,0.9720,0.0333,0.9667,0.0667,0.9707,0.0667,0
21.9140,1.05,1.0133,0.0667,1.0067,0.1000,1.0147,0.0667,1.0080,0.1000,1.0120,0.0000,1.0027,0.0000,1.0040,0.1000,1.0082,-1.6667,1.0041,-1.3000,1.0067,0.0333,1.0080,0.1000,1.0081,-1.5333,0.9963,-3.1000,1.0056,-2.3000,1.0003,-2.5333,0.9961,-0.8333,1.0001,-1.3333,0.9975,-1.8667,1.0027,0.0667,0.9988,-1.4667,0.9948,-1.7000,0.9932,-12.2667,0.9880,0.0667,0.9960,0.0000,1.0000,0.0000,1.0120,0.0333,0.9947,0.0667,1.0040,0.0667,1.0040,0.0000,1.0000,0.0000,0.9947,0.0667,0.9973,0.0667,0
22.5430,1.08,1.0427,0.0333,1.0347,0.1000,1.0427,0.0333,1.0360,0.1000,1.0387,0.0000,1.0320,0.0333,1.0293,0.0000,1.0362,-2.1333,1.0322,-1.7667,1.0333,0.0667,1.0360,0.0333,1.0349,-2.0000,1.0243,-3.4000,1.0349,-2.6000,1.0283,-2.9333,1.0241,-1.2000,1.0255,-1.7667,1.0242,-2.3000,1.0293,0.0333,1.0269,-2.0000,1.0202,-2.1000,1.0186,-13.0000,1.0160,0.0667,1.0240,0.0333,1.0280,0.0333,1.0400,0.0667,1.0213,0.0333,1.0320,0.0333,1.0320,0.0333,1.0280,0.0000,1.0227,0.0667,1.0267,0.1000,0
23.1700,1.11,1.0693,0.1000,1.0640,0.0667,1.0707,0.1000,1.0640,0.0667,1.0680,0.0000,1.0587,0.0333,1.0587,0.0667,1.0643,-2.6333,1.0602,-2.2000,1.0600,0.0333,1.0627,0.0667,1.0642,-2.4000,1.0524,-3.9333,1.0630,-2.9000,1.0563,-3.4333,1.0522,-1.6000,1.0549,-2.1667,1.0523,-2.7333,1.0560,0.0667,1.0536,-2.6000,1.0483,-2.6000,1.0454,-13.7333,1.0440,0.1000,1.0520,0.0000,1.0573,0.0333,1.0680,0.0000,1.0493,0.0000,1.0600,0.0333,1.0613,0.0000,1.0560,0.0000,1.0480,0.0333,1.0520,0.0667,0
23.7980,1.14,1.0960,0.0667,1.0907,0.0667,1.0973,0.0667,1.0920,0.0667,1.0920,0.0000,1.0867,0.0333,1.0840,0.0667,1.0923,-3.2000,1.0856,-2.7000,1.0880,0.0333,1.0920,0.0667,1.0883,-2.8000,1.0804,-4.4333,1.0883,-3.2000,1.0804,-3.9333,1.0802,-2.0000,1.0803,-2.6333,1.0790,-3.2333,1.0840,0.0000,1.0803,-3.2000,1.0723,-3.1000,1.0735,-14.5333,1.0720,0.1000,1.0773,0.0000,1.0853,0.0000,1.0960,0.0333,1.0760,0.0667,1.0867,0.0667,1.0880,0.0000,1.0840,0.0000,1.0760,0.0333,1.0800,0.0333,0
24.4250,1.17,1.1240,0.0333,1.1173,0.0667,1.1240,0.0333,1.1187,0.0333,1.1200,0.0000,1.1120,0.0333,1.1120,0.0333,1.1204,-3.8000,1.1123,-3.2000,1.1160,0.0667,1.1187,0.0667,1.1163,-3.3000,1.1072,-5.0000,1.1137,-3.5333,1.1085,-4.5667,1.1043,-2.5000,1.1056,-3.1000,1.1044,-3.8000,1.1120,0.0333,1.1071,-3.9000,1.1004,-3.5667,1.0975,-15.3667,1.0987,0.0667,1.1040,0.0000,1.1120,0.0000,1.1200,0.0333,1.1040,0.0333,1.1120,0.0000,1.1160,0.0000,1.1120,0.0000,1.1040,0.0333,1.1067,0.0333,0
25.0520,1.20,1.1533,0.0667,1.1440,0.0667,1.1533,0.1000,1.1440,0.0333,1.1480,0.0000,1.1400,0.0000,1.1400,0.0333,1.1445,-4.4333,1.1390,-3.7000,1.1400,0.0667,1.1440,0.1000,1.1430,-3.8333,1.1326,-5.5333,1.1404,-3.9000,1.1352,-5.2000,1.1323,-3.0000,1.1324,-3.6333,1.1284,-4.3000,1.1360,0.0667,1.1311,-4.7000,1.1244,-4.1000,1.1216,-16.1333,1.1240,0.0667,1.1293,0.0000,1.1400,0.0000,1.1493,0.0333,1.1320,0.1000,1.1400,0.0000,1.1440,0.0000,1.1360,0.0000,1.1293,0.0000,1.1320,0.0333,0
